[{"model": "admin.logentry", "pk": 1, "fields": {"action_time": "2023-12-01T17:35:17.611Z", "user": 1, "content_type": 27, "object_id": "1", "object_repr": "erfref", "action_flag": 1, "change_message": "[{\"added\": {}}]"}}, {"model": "admin.logentry", "pk": 2, "fields": {"action_time": "2023-12-01T17:36:04.965Z", "user": 1, "content_type": 28, "object_id": "1", "object_repr": "erfref edwed-ewdwed vom 01.12.2023", "action_flag": 1, "change_message": "[{\"added\": {}}]"}}, {"model": "admin.logentry", "pk": 3, "fields": {"action_time": "2023-12-01T17:36:07.668Z", "user": 1, "content_type": 28, "object_id": "2", "object_repr": "erfref rfrefre-refrefref vom 01.12.2023", "action_flag": 1, "change_message": "[{\"added\": {}}]"}}, {"model": "admin.logentry", "pk": 4, "fields": {"action_time": "2023-12-01T17:36:14.240Z", "user": 1, "content_type": 28, "object_id": "3", "object_repr": "erfref refrefre-refref vom 01.12.2023", "action_flag": 1, "change_message": "[{\"added\": {}}]"}}, {"model": "admin.logentry", "pk": 5, "fields": {"action_time": "2023-12-01T17:36:25.706Z", "user": 1, "content_type": 41, "object_id": "1", "object_repr": "2023-12-01 17:34:38+00:00: testmeet", "action_flag": 1, "change_message": "[{\"added\": {}}]"}}, {"model": "admin.logentry", "pk": 6, "fields": {"action_time": "2023-12-01T17:37:25.069Z", "user": 1, "content_type": 13, "object_id": "1", "object_repr": "AdvancedSettings object (1)", "action_flag": 1, "change_message": "[{\"added\": {}}]"}}, {"model": "admin.logentry", "pk": 7, "fields": {"action_time": "2023-12-01T17:37:31.686Z", "user": 1, "content_type": 15, "object_id": "1", "object_repr": "rfrefref", "action_flag": 1, "change_message": "[{\"added\": {}}]"}}, {"model": "admin.logentry", "pk": 8, "fields": {"action_time": "2023-12-01T17:37:44.036Z", "user": 1, "content_type": 21, "object_id": "1", "object_repr": "MySubmission object (1)", "action_flag": 1, "change_message": "[{\"added\": {}}]"}}, {"model": "admin.logentry", "pk": 9, "fields": {"action_time": "2023-12-01T17:38:04.861Z", "user": 1, "content_type": 20, "object_id": "1", "object_repr": "rfref (ferfre)", "action_flag": 1, "change_message": "[{\"added\": {}}]"}}, {"model": "admin.logentry", "pk": 10, "fields": {"action_time": "2023-12-01T17:38:28.042Z", "user": 1, "content_type": 24, "object_id": "1", "object_repr": "1/0", "action_flag": 1, "change_message": "[{\"added\": {}}]"}}, {"model": "admin.logentry", "pk": 11, "fields": {"action_time": "2023-12-01T17:52:52.548Z", "user": 1, "content_type": 61, "object_id": "1", "object_repr": "All studies except multicentre drug studies", "action_flag": 1, "change_message": "[{\"added\": {}}]"}}, {"model": "admin.logentry", "pk": 12, "fields": {"action_time": "2023-12-01T17:53:01.248Z", "user": 1, "content_type": 55, "object_id": "1", "object_repr": "CertificateAuthority object (1)", "action_flag": 1, "change_message": "[{\"added\": {}}]"}}, {"model": "admin.logentry", "pk": 13, "fields": {"action_time": "2023-12-01T17:53:27.787Z", "user": 1, "content_type": 3, "object_id": "1", "object_repr": "list", "action_flag": 1, "change_message": "[{\"added\": {}}]"}}, {"model": "admin.logentry", "pk": 14, "fields": {"action_time": "2023-12-02T19:47:31.753Z", "user": 1, "content_type": 3, "object_id": "1", "object_repr": "EC-Office", "action_flag": 2, "change_message": "[{\"changed\": {\"fields\": [\"Name\"]}}]"}}, {"model": "admin.logentry", "pk": 15, "fields": {"action_time": "2023-12-02T19:52:30.201Z", "user": 1, "content_type": 4, "object_id": "1", "object_repr": "abdo", "action_flag": 2, "change_message": "[{\"changed\": {\"fields\": [\"Groups\", \"User permissions\"]}}]"}}, {"model": "admin.logentry", "pk": 16, "fields": {"action_time": "2023-12-02T20:24:18.670Z", "user": 1, "content_type": 10, "object_id": "9", "object_repr": "abdo", "action_flag": 2, "change_message": "[{\"changed\": {\"fields\": [\"Is phantom\", \"Is indisposed\", \"Communication proxy\", \"Is board member\", \"Is resident member\", \"Is omniscient member\", \"Is executive\", \"Is internal\", \"Can have tasks\", \"Can have open tasks\", \"Is testuser\", \"Session key\", \"Gender\", \"Forward messages after minutes\", \"Task uids\"]}}]"}}, {"model": "admin.logentry", "pk": 17, "fields": {"action_time": "2023-12-02T21:42:52.141Z", "user": 1, "content_type": 41, "object_id": "5", "object_repr": "2024-12-02 21:40:33+00:00: kjjkk", "action_flag": 1, "change_message": "[{\"added\": {}}]"}}, {"model": "admin.logentry", "pk": 18, "fields": {"action_time": "2023-12-03T17:54:08.473Z", "user": 1, "content_type": 10, "object_id": "9", "object_repr": "abdo", "action_flag": 2, "change_message": "[{\"changed\": {\"fields\": [\"Is indisposed\"]}}]"}}, {"model": "admin.logentry", "pk": 19, "fields": {"action_time": "2023-12-03T19:39:32.810Z", "user": 1, "content_type": 54, "object_id": "92a2e5db-0c9e-403b-a457-6aa950e836f9", "object_repr": "DocStash object (92a2e5db-0c9e-403b-a457-6aa950e836f9)", "action_flag": 1, "change_message": "[{\"added\": {}}]"}}, {"model": "admin.logentry", "pk": 20, "fields": {"action_time": "2023-12-03T19:41:22.877Z", "user": 1, "content_type": 54, "object_id": "92a2e5db-0c9e-403b-a457-6aa950e836f9", "object_repr": "DocStash object (92a2e5db-0c9e-403b-a457-6aa950e836f9)", "action_flag": 2, "change_message": "[{\"changed\": {\"fields\": [\"Group\", \"Object id\"]}}]"}}, {"model": "admin.logentry", "pk": 21, "fields": {"action_time": "2023-12-04T19:21:10.832Z", "user": 1, "content_type": 33, "object_id": "1", "object_repr": "graph-test(core | investigator)", "action_flag": 1, "change_message": "[{\"added\": {}}]"}}, {"model": "admin.logentry", "pk": 22, "fields": {"action_time": "2023-12-04T19:21:31.066Z", "user": 1, "content_type": 31, "object_id": "2", "object_repr": "nodetype-test(core | investigator employee)", "action_flag": 1, "change_message": "[{\"added\": {}}]"}}, {"model": "admin.logentry", "pk": 23, "fields": {"action_time": "2023-12-04T19:22:06.196Z", "user": 1, "content_type": 30, "object_id": "1", "object_repr": "nodetest", "action_flag": 1, "change_message": "[{\"added\": {}}]"}}, {"model": "admin.logentry", "pk": 24, "fields": {"action_time": "2023-12-04T19:22:52.136Z", "user": 1, "content_type": 30, "object_id": "2", "object_repr": "tasktype", "action_flag": 1, "change_message": "[{\"added\": {}}]"}}, {"model": "admin.logentry", "pk": 25, "fields": {"action_time": "2023-12-04T19:23:14.136Z", "user": 1, "content_type": 30, "object_id": "2", "object_repr": "tasktype", "action_flag": 2, "change_message": "[{\"changed\": {\"fields\": [\"Node type\"]}}]"}}, {"model": "admin.logentry", "pk": 26, "fields": {"action_time": "2023-12-04T20:04:14.299Z", "user": 1, "content_type": 34, "object_id": "4", "object_repr": "Workflow object (4)", "action_flag": 1, "change_message": "[{\"added\": {}}]"}}, {"model": "admin.logentry", "pk": 27, "fields": {"action_time": "2023-12-04T20:04:46.052Z", "user": 1, "content_type": 32, "object_id": "2", "object_repr": "Consumed Token at tasktype, deadline=2023-12-08 20:04:37+00:00, locked=True", "action_flag": 1, "change_message": "[{\"added\": {}}]"}}, {"model": "admin.logentry", "pk": 28, "fields": {"action_time": "2023-12-04T20:07:08.634Z", "user": 1, "content_type": 53, "object_id": "1", "object_repr": "admin | log entry | Can add log entry tasktype", "action_flag": 1, "change_message": "[{\"added\": {}}]"}}, {"model": "admin.logentry", "pk": 29, "fields": {"action_time": "2023-12-04T20:51:02.412Z", "user": 1, "content_type": 64, "object_id": "1", "object_repr": "Thread object (1)", "action_flag": 1, "change_message": "[{\"added\": {}}]"}}, {"model": "admin.logentry", "pk": 30, "fields": {"action_time": "2023-12-04T20:51:21.558Z", "user": 1, "content_type": 64, "object_id": "2", "object_repr": "Thread object (2)", "action_flag": 1, "change_message": "[{\"added\": {}}]"}}, {"model": "admin.logentry", "pk": 31, "fields": {"action_time": "2023-12-04T20:51:34.472Z", "user": 1, "content_type": 64, "object_id": "1", "object_repr": "Thread object (1)", "action_flag": 2, "change_message": "[{\"changed\": {\"fields\": [\"Related thread\"]}}]"}}, {"model": "admin.logentry", "pk": 32, "fields": {"action_time": "2023-12-04T20:53:18.612Z", "user": 1, "content_type": 65, "object_id": "1", "object_repr": "Message object (1)", "action_flag": 1, "change_message": "[{\"added\": {}}]"}}, {"model": "admin.logentry", "pk": 33, "fields": {"action_time": "2023-12-04T20:53:41.642Z", "user": 1, "content_type": 65, "object_id": "2", "object_repr": "Message object (2)", "action_flag": 1, "change_message": "[{\"added\": {}}]"}}, {"model": "admin.logentry", "pk": 34, "fields": {"action_time": "2023-12-04T20:54:13.685Z", "user": 1, "content_type": 64, "object_id": "2", "object_repr": "Thread object (2)", "action_flag": 2, "change_message": "[{\"changed\": {\"fields\": [\"Last message\"]}}]"}}, {"model": "admin.logentry", "pk": 35, "fields": {"action_time": "2023-12-04T20:54:56.222Z", "user": 1, "content_type": 64, "object_id": "1", "object_repr": "Thread object (1)", "action_flag": 2, "change_message": "[{\"changed\": {\"fields\": [\"Last message\"]}}]"}}, {"model": "admin.logentry", "pk": 36, "fields": {"action_time": "2023-12-06T19:52:47.282Z", "user": 1, "content_type": 32, "object_id": "3", "object_repr": "Consumed Token at nodetest, deadline=2023-12-06 19:52:40+00:00, locked=True", "action_flag": 1, "change_message": "[{\"added\": {}}]"}}, {"model": "admin.logentry", "pk": 37, "fields": {"action_time": "2023-12-06T19:52:53.048Z", "user": 1, "content_type": 53, "object_id": "2", "object_repr": "None nodetest", "action_flag": 1, "change_message": "[{\"added\": {}}]"}}, {"model": "admin.logentry", "pk": 38, "fields": {"action_time": "2023-12-06T20:39:48.917Z", "user": 1, "content_type": 54, "object_id": "92a2e5db-0c9e-403b-a457-6aa950e836f9", "object_repr": "DocStash object (92a2e5db-0c9e-403b-a457-6aa950e836f9)", "action_flag": 2, "change_message": "[{\"changed\": {\"fields\": [\"Group\"]}}]"}}, {"model": "admin.logentry", "pk": 39, "fields": {"action_time": "2023-12-06T20:42:52.469Z", "user": 1, "content_type": 54, "object_id": "92a2e5db-0c9e-403b-a457-6aa950e836f9", "object_repr": "DocStash object (92a2e5db-0c9e-403b-a457-6aa950e836f9)", "action_flag": 2, "change_message": "[{\"changed\": {\"fields\": [\"Group\"]}}]"}}, {"model": "admin.logentry", "pk": 40, "fields": {"action_time": "2023-12-06T20:43:19.454Z", "user": 1, "content_type": 54, "object_id": "72b90cde-aa8e-4419-af3d-f8dd67b84019", "object_repr": "DocStash object (72b90cde-aa8e-4419-af3d-f8dd67b84019)", "action_flag": 2, "change_message": "[{\"changed\": {\"fields\": [\"Group\", \"Value\", \"Content type\", \"Object id\"]}}]"}}, {"model": "admin.logentry", "pk": 41, "fields": {"action_time": "2023-12-06T20:44:35.341Z", "user": 1, "content_type": 54, "object_id": "5f978b58-58eb-4526-ad87-82f143b883f2", "object_repr": "DocStash object (5f978b58-58eb-4526-ad87-82f143b883f2)", "action_flag": 2, "change_message": "[{\"changed\": {\"fields\": [\"Group\", \"Value\", \"Content type\", \"Object id\"]}}]"}}, {"model": "admin.logentry", "pk": 42, "fields": {"action_time": "2023-12-06T20:47:31.046Z", "user": 1, "content_type": 54, "object_id": "1e78e349-f00c-4ad2-ab7c-305dee85351f", "object_repr": "DocStash object (1e78e349-f00c-4ad2-ab7c-305dee85351f)", "action_flag": 3, "change_message": ""}}, {"model": "admin.logentry", "pk": 43, "fields": {"action_time": "2023-12-06T20:47:58.582Z", "user": 1, "content_type": 54, "object_id": "280b9dc6-4e7d-4d9e-b509-6d71a4d3baf2", "object_repr": "DocStash object (280b9dc6-4e7d-4d9e-b509-6d71a4d3baf2)", "action_flag": 3, "change_message": ""}}, {"model": "admin.logentry", "pk": 44, "fields": {"action_time": "2023-12-06T20:56:24.244Z", "user": 1, "content_type": 54, "object_id": "34870d13-1afc-4774-92e9-f8ce96290d6c", "object_repr": "DocStash object (34870d13-1afc-4774-92e9-f8ce96290d6c)", "action_flag": 3, "change_message": ""}}, {"model": "admin.logentry", "pk": 45, "fields": {"action_time": "2023-12-06T21:12:15.464Z", "user": 1, "content_type": 54, "object_id": "4cb7341e-6c5c-4350-a9d7-935df864e922", "object_repr": "DocStash object (4cb7341e-6c5c-4350-a9d7-935df864e922)", "action_flag": 3, "change_message": ""}}, {"model": "admin.logentry", "pk": 46, "fields": {"action_time": "2023-12-06T21:24:58.245Z", "user": 1, "content_type": 54, "object_id": "c3992d0b-f67b-49db-9f9e-b5643c0deb2e", "object_repr": "DocStash object (c3992d0b-f67b-49db-9f9e-b5643c0deb2e)", "action_flag": 3, "change_message": ""}}, {"model": "admin.logentry", "pk": 47, "fields": {"action_time": "2023-12-06T21:35:40.483Z", "user": 1, "content_type": 54, "object_id": "535d06eb-6ddc-4b50-9dd0-0edd453f67a0", "object_repr": "DocStash object (535d06eb-6ddc-4b50-9dd0-0edd453f67a0)", "action_flag": 3, "change_message": ""}}, {"model": "admin.logentry", "pk": 48, "fields": {"action_time": "2023-12-07T20:05:42.172Z", "user": 1, "content_type": 56, "object_id": "1", "object_repr": "Certificate object (1)", "action_flag": 1, "change_message": "[{\"added\": {}}]"}}, {"model": "admin.logentry", "pk": 49, "fields": {"action_time": "2023-12-09T18:31:45.430Z", "user": 1, "content_type": 4, "object_id": "2", "object_repr": "ahmed", "action_flag": 1, "change_message": "[{\"added\": {}}]"}}, {"model": "admin.logentry", "pk": 50, "fields": {"action_time": "2023-12-09T18:33:35.419Z", "user": 1, "content_type": 4, "object_id": "2", "object_repr": "ahmed", "action_flag": 2, "change_message": "[]"}}, {"model": "admin.logentry", "pk": 51, "fields": {"action_time": "2023-12-09T18:40:23.259Z", "user": 1, "content_type": 10, "object_id": "10", "object_repr": "ahmed", "action_flag": 2, "change_message": "[{\"changed\": {\"fields\": [\"Is phantom\", \"Is indisposed\", \"Communication proxy\", \"Is board member\", \"Is resident member\", \"Is omniscient member\", \"Is executive\", \"Is internal\", \"Can have tasks\", \"Can have open tasks\", \"Is testuser\", \"Session key\", \"Gender\", \"Forward messages after minutes\", \"Task uids\"]}}]"}}, {"model": "admin.logentry", "pk": 52, "fields": {"action_time": "2023-12-09T18:41:52.188Z", "user": 1, "content_type": 4, "object_id": "1", "object_repr": "abdo", "action_flag": 2, "change_message": "[{\"changed\": {\"fields\": [\"First name\", \"Last name\"]}}]"}}, {"model": "admin.logentry", "pk": 53, "fields": {"action_time": "2023-12-09T18:44:40.459Z", "user": 1, "content_type": 10, "object_id": "9", "object_repr": "abdo", "action_flag": 2, "change_message": "[{\"changed\": {\"fields\": [\"Title\", \"Organisation\", \"Jobtitle\", \"Swift bic\", \"Iban\", \"Address1\", \"Address2\", \"Zip code\", \"City\", \"Phone\", \"Fax\", \"Forward messages after minutes\"]}}]"}}, {"model": "admin.logentry", "pk": 54, "fields": {"action_time": "2023-12-09T18:45:06.181Z", "user": 1, "content_type": 10, "object_id": "9", "object_repr": "abdo", "action_flag": 2, "change_message": "[{\"changed\": {\"fields\": [\"Is phantom\"]}}]"}}, {"model": "admin.logentry", "pk": 55, "fields": {"action_time": "2023-12-09T18:45:26.876Z", "user": 1, "content_type": 10, "object_id": "9", "object_repr": "abdo", "action_flag": 2, "change_message": "[{\"changed\": {\"fields\": [\"Is phantom\"]}}]"}}, {"model": "admin.logentry", "pk": 56, "fields": {"action_time": "2023-12-09T20:00:14.175Z", "user": 1, "content_type": 53, "object_id": "2", "object_repr": "None nodetest", "action_flag": 2, "change_message": "[{\"changed\": {\"fields\": [\"Closed at\", \"Deleted at\", \"Reminder message sent at\"]}}]"}}, {"model": "admin.logentry", "pk": 57, "fields": {"action_time": "2023-12-09T20:20:30.550Z", "user": 1, "content_type": 53, "object_id": "2", "object_repr": "None nodetest", "action_flag": 2, "change_message": "[{\"changed\": {\"fields\": [\"Assigned to\"]}}]"}}, {"model": "admin.logentry", "pk": 58, "fields": {"action_time": "2023-12-10T18:26:14.175Z", "user": 1, "content_type": 24, "object_id": "2", "object_repr": "2/0", "action_flag": 1, "change_message": "[{\"added\": {}}]"}}, {"model": "admin.logentry", "pk": 59, "fields": {"action_time": "2023-12-10T18:46:59.915Z", "user": 1, "content_type": 25, "object_id": "1", "object_repr": "2/0: good", "action_flag": 1, "change_message": "[{\"added\": {}}]"}}, {"model": "admin.logentry", "pk": 60, "fields": {"action_time": "2023-12-10T18:57:44.623Z", "user": 1, "content_type": 45, "object_id": "1", "object_repr": "hello_test", "action_flag": 1, "change_message": "[{\"added\": {}}]"}}, {"model": "admin.logentry", "pk": 61, "fields": {"action_time": "2023-12-10T18:58:40.973Z", "user": 1, "content_type": 44, "object_id": "4", "object_repr": "hello_test für 2/0", "action_flag": 1, "change_message": "[{\"added\": {}}]"}}, {"model": "admin.logentry", "pk": 62, "fields": {"action_time": "2023-12-10T18:59:15.879Z", "user": 1, "content_type": 49, "object_id": "1", "object_repr": "NotificationAnswer object (1)", "action_flag": 1, "change_message": "[{\"added\": {}}]"}}, {"model": "admin.logentry", "pk": 63, "fields": {"action_time": "2023-12-14T19:57:00.671Z", "user": 1, "content_type": 4, "object_id": "2", "object_repr": "ahmed", "action_flag": 2, "change_message": "[{\"changed\": {\"fields\": [\"Email address\"]}}]"}}, {"model": "admin.logentry", "pk": 64, "fields": {"action_time": "2023-12-14T20:05:19.047Z", "user": 1, "content_type": 52, "object_id": "1", "object_repr": "nodetest", "action_flag": 2, "change_message": "[{\"changed\": {\"fields\": [\"Group\", \"Is dynamic\"]}}]"}}, {"model": "admin.logentry", "pk": 65, "fields": {"action_time": "2023-12-16T11:27:27.625Z", "user": 1, "content_type": 24, "object_id": "2", "object_repr": "2/0", "action_flag": 2, "change_message": "[{\"changed\": {\"fields\": [\"Is finished\", \"Is expired\", \"Current submission form\"]}}]"}}, {"model": "admin.logentry", "pk": 66, "fields": {"action_time": "2023-12-16T11:28:03.093Z", "user": 1, "content_type": 24, "object_id": "3", "object_repr": "3/0", "action_flag": 1, "change_message": "[{\"added\": {}}]"}}, {"model": "admin.logentry", "pk": 67, "fields": {"action_time": "2023-12-16T11:28:46.709Z", "user": 1, "content_type": 24, "object_id": "3", "object_repr": "3/0", "action_flag": 2, "change_message": "[{\"changed\": {\"fields\": [\"Medical categories\", \"Remission\", \"Biased board members\", \"Is transient\"]}}]"}}, {"model": "admin.logentry", "pk": 68, "fields": {"action_time": "2023-12-16T11:30:12.762Z", "user": 1, "content_type": 24, "object_id": "3", "object_repr": "3/0", "action_flag": 2, "change_message": "[{\"changed\": {\"fields\": [\"Susar presenter\"]}}]"}}, {"model": "admin.logentry", "pk": 69, "fields": {"action_time": "2023-12-16T11:50:33.767Z", "user": 1, "content_type": 17, "object_id": "1", "object_repr": "Investigator object (1)", "action_flag": 1, "change_message": "[{\"added\": {}}]"}}, {"model": "admin.logentry", "pk": 70, "fields": {"action_time": "2023-12-16T11:50:48.990Z", "user": 1, "content_type": 25, "object_id": "1", "object_repr": "2/0: good", "action_flag": 2, "change_message": "[]"}}, {"model": "admin.logentry", "pk": 71, "fields": {"action_time": "2023-12-16T12:12:18.963Z", "user": 1, "content_type": 36, "object_id": "1", "object_repr": "Mitteilung 2/0", "action_flag": 1, "change_message": "[{\"added\": {}}]"}}, {"model": "admin.logentry", "pk": 72, "fields": {"action_time": "2023-12-16T12:12:51.117Z", "user": 1, "content_type": 36, "object_id": "2", "object_repr": "Votum 2/0", "action_flag": 1, "change_message": "[{\"added\": {}}]"}}, {"model": "admin.logentry", "pk": 73, "fields": {"action_time": "2023-12-16T12:14:11.541Z", "user": 1, "content_type": 38, "object_id": "1", "object_repr": "heloosdsaa", "action_flag": 1, "change_message": "[{\"added\": {}}]"}}, {"model": "admin.logentry", "pk": 74, "fields": {"action_time": "2023-12-16T12:33:11.595Z", "user": 1, "content_type": 24, "object_id": "3", "object_repr": "3/0", "action_flag": 2, "change_message": "[{\"changed\": {\"fields\": [\"Current published vote\", \"Current pending vote\"]}}]"}}, {"model": "admin.logentry", "pk": 75, "fields": {"action_time": "2023-12-16T13:20:08.759Z", "user": 1, "content_type": 37, "object_id": "14", "object_repr": "Checklist object (14)", "action_flag": 1, "change_message": "[{\"added\": {}}]"}}, {"model": "admin.logentry", "pk": 76, "fields": {"action_time": "2023-12-16T13:24:46.630Z", "user": 1, "content_type": 44, "object_id": "5", "object_repr": "hello_test für 2/0", "action_flag": 1, "change_message": "[{\"added\": {}}]"}}, {"model": "admin.logentry", "pk": 77, "fields": {"action_time": "2023-12-16T13:47:58.423Z", "user": 1, "content_type": 65, "object_id": "2", "object_repr": "Message object (2)", "action_flag": 2, "change_message": "[{\"changed\": {\"fields\": [\"Smtp delivery state\"]}}]"}}, {"model": "admin.logentry", "pk": 78, "fields": {"action_time": "2023-12-16T14:09:32.897Z", "user": 1, "content_type": 54, "object_id": "fe5587e2-b110-4b4e-aa3c-a73e4a52bce6", "object_repr": "DocStash object (fe5587e2-b110-4b4e-aa3c-a73e4a52bce6)", "action_flag": 3, "change_message": ""}}, {"model": "admin.logentry", "pk": 79, "fields": {"action_time": "2023-12-16T14:09:32.898Z", "user": 1, "content_type": 54, "object_id": "faaf49a1-4fc6-484c-be74-7853511ac1ed", "object_repr": "DocStash object (faaf49a1-4fc6-484c-be74-7853511ac1ed)", "action_flag": 3, "change_message": ""}}, {"model": "admin.logentry", "pk": 80, "fields": {"action_time": "2023-12-16T14:09:32.898Z", "user": 1, "content_type": 54, "object_id": "f0c751fb-4d5f-4fe0-8273-122bd70613f4", "object_repr": "DocStash object (f0c751fb-4d5f-4fe0-8273-122bd70613f4)", "action_flag": 3, "change_message": ""}}, {"model": "admin.logentry", "pk": 81, "fields": {"action_time": "2023-12-16T14:09:32.898Z", "user": 1, "content_type": 54, "object_id": "d48b1570-c77a-4429-bfe1-0c3dfd1916f0", "object_repr": "DocStash object (d48b1570-c77a-4429-bfe1-0c3dfd1916f0)", "action_flag": 3, "change_message": ""}}, {"model": "admin.logentry", "pk": 82, "fields": {"action_time": "2023-12-16T14:09:32.898Z", "user": 1, "content_type": 54, "object_id": "d34156c3-c223-44d4-beb1-c4adc0810e83", "object_repr": "DocStash object (d34156c3-c223-44d4-beb1-c4adc0810e83)", "action_flag": 3, "change_message": ""}}, {"model": "admin.logentry", "pk": 83, "fields": {"action_time": "2023-12-16T14:09:32.902Z", "user": 1, "content_type": 54, "object_id": "c3c91c82-4295-4d00-b89e-ff51188167ff", "object_repr": "DocStash object (c3c91c82-4295-4d00-b89e-ff51188167ff)", "action_flag": 3, "change_message": ""}}, {"model": "admin.logentry", "pk": 84, "fields": {"action_time": "2023-12-16T14:09:32.902Z", "user": 1, "content_type": 54, "object_id": "c18f7730-4c6d-4394-a094-0b042742cf0a", "object_repr": "DocStash object (c18f7730-4c6d-4394-a094-0b042742cf0a)", "action_flag": 3, "change_message": ""}}, {"model": "admin.logentry", "pk": 85, "fields": {"action_time": "2023-12-16T14:09:32.902Z", "user": 1, "content_type": 54, "object_id": "92a2e5db-0c9e-403b-a457-6aa950e836f9", "object_repr": "DocStash object (92a2e5db-0c9e-403b-a457-6aa950e836f9)", "action_flag": 3, "change_message": ""}}, {"model": "admin.logentry", "pk": 86, "fields": {"action_time": "2023-12-16T14:09:32.902Z", "user": 1, "content_type": 54, "object_id": "83954dd0-ab29-47fe-b72a-574c791af5eb", "object_repr": "DocStash object (83954dd0-ab29-47fe-b72a-574c791af5eb)", "action_flag": 3, "change_message": ""}}, {"model": "admin.logentry", "pk": 87, "fields": {"action_time": "2023-12-16T14:09:32.902Z", "user": 1, "content_type": 54, "object_id": "72b90cde-aa8e-4419-af3d-f8dd67b84019", "object_repr": "DocStash object (72b90cde-aa8e-4419-af3d-f8dd67b84019)", "action_flag": 3, "change_message": ""}}, {"model": "admin.logentry", "pk": 88, "fields": {"action_time": "2023-12-16T14:09:32.902Z", "user": 1, "content_type": 54, "object_id": "6f04b999-44ba-48c8-9349-2413ea45574b", "object_repr": "DocStash object (6f04b999-44ba-48c8-9349-2413ea45574b)", "action_flag": 3, "change_message": ""}}, {"model": "admin.logentry", "pk": 89, "fields": {"action_time": "2023-12-16T14:09:32.902Z", "user": 1, "content_type": 54, "object_id": "5f978b58-58eb-4526-ad87-82f143b883f2", "object_repr": "DocStash object (5f978b58-58eb-4526-ad87-82f143b883f2)", "action_flag": 3, "change_message": ""}}, {"model": "admin.logentry", "pk": 90, "fields": {"action_time": "2023-12-16T14:09:32.902Z", "user": 1, "content_type": 54, "object_id": "54ed7dbc-fdb0-42fd-8579-1dd579d95c39", "object_repr": "DocStash object (54ed7dbc-fdb0-42fd-8579-1dd579d95c39)", "action_flag": 3, "change_message": ""}}, {"model": "admin.logentry", "pk": 91, "fields": {"action_time": "2023-12-16T14:09:32.914Z", "user": 1, "content_type": 54, "object_id": "53943c88-f251-439b-b847-caabfa29d5d1", "object_repr": "DocStash object (53943c88-f251-439b-b847-caabfa29d5d1)", "action_flag": 3, "change_message": ""}}, {"model": "admin.logentry", "pk": 92, "fields": {"action_time": "2023-12-16T14:09:32.914Z", "user": 1, "content_type": 54, "object_id": "41369ac7-96a7-42c2-ae65-956dffadf967", "object_repr": "DocStash object (41369ac7-96a7-42c2-ae65-956dffadf967)", "action_flag": 3, "change_message": ""}}, {"model": "admin.logentry", "pk": 93, "fields": {"action_time": "2023-12-16T14:09:32.914Z", "user": 1, "content_type": 54, "object_id": "37f067db-0072-499c-bcbf-26e5cf64b595", "object_repr": "DocStash object (37f067db-0072-499c-bcbf-26e5cf64b595)", "action_flag": 3, "change_message": ""}}, {"model": "admin.logentry", "pk": 94, "fields": {"action_time": "2023-12-16T14:09:32.918Z", "user": 1, "content_type": 54, "object_id": "320a9cf2-455d-4c2e-8dd9-c496d9d591c4", "object_repr": "DocStash object (320a9cf2-455d-4c2e-8dd9-c496d9d591c4)", "action_flag": 3, "change_message": ""}}, {"model": "admin.logentry", "pk": 95, "fields": {"action_time": "2023-12-16T14:09:32.918Z", "user": 1, "content_type": 54, "object_id": "2f35f0f9-3726-45c8-a9d3-56d33451673e", "object_repr": "DocStash object (2f35f0f9-3726-45c8-a9d3-56d33451673e)", "action_flag": 3, "change_message": ""}}, {"model": "admin.logentry", "pk": 96, "fields": {"action_time": "2023-12-16T14:09:32.918Z", "user": 1, "content_type": 54, "object_id": "2ee8e783-7b0c-4f3a-b553-f1edc0f0508c", "object_repr": "DocStash object (2ee8e783-7b0c-4f3a-b553-f1edc0f0508c)", "action_flag": 3, "change_message": ""}}, {"model": "admin.logentry", "pk": 97, "fields": {"action_time": "2023-12-16T14:09:32.918Z", "user": 1, "content_type": 54, "object_id": "0ea97707-b704-41e4-b41a-eb0cbecfd39d", "object_repr": "DocStash object (0ea97707-b704-41e4-b41a-eb0cbecfd39d)", "action_flag": 3, "change_message": ""}}, {"model": "admin.logentry", "pk": 98, "fields": {"action_time": "2023-12-16T14:09:32.918Z", "user": 1, "content_type": 54, "object_id": "05a02f25-1b2c-4a8f-a89a-71fd4dccc1ec", "object_repr": "DocStash object (05a02f25-1b2c-4a8f-a89a-71fd4dccc1ec)", "action_flag": 3, "change_message": ""}}, {"model": "admin.logentry", "pk": 99, "fields": {"action_time": "2023-12-16T14:09:32.918Z", "user": 1, "content_type": 54, "object_id": "05089b3f-ef05-46c7-8dc9-5bbae7989326", "object_repr": "DocStash object (05089b3f-ef05-46c7-8dc9-5bbae7989326)", "action_flag": 3, "change_message": ""}}, {"model": "admin.logentry", "pk": 100, "fields": {"action_time": "2023-12-16T14:14:39.336Z", "user": 1, "content_type": 54, "object_id": "396068fa-6445-4ce2-844e-a7454257202d", "object_repr": "DocStash object (396068fa-6445-4ce2-844e-a7454257202d)", "action_flag": 3, "change_message": ""}}, {"model": "admin.logentry", "pk": 101, "fields": {"action_time": "2023-12-16T14:17:10.637Z", "user": 1, "content_type": 54, "object_id": "d7e121ab-0db0-4f38-bcbf-30a3df57e7dd", "object_repr": "DocStash object (d7e121ab-0db0-4f38-bcbf-30a3df57e7dd)", "action_flag": 3, "change_message": ""}}, {"model": "admin.logentry", "pk": 102, "fields": {"action_time": "2023-12-16T14:18:37.836Z", "user": 1, "content_type": 54, "object_id": "26a72eb1-4700-48c9-9230-94374ea9c894", "object_repr": "DocStash object (26a72eb1-4700-48c9-9230-94374ea9c894)", "action_flag": 3, "change_message": ""}}, {"model": "admin.logentry", "pk": 103, "fields": {"action_time": "2023-12-16T14:31:25.034Z", "user": 1, "content_type": 54, "object_id": "aae84d85-5fc4-4fec-b2c9-ff65648970f8", "object_repr": "DocStash object (aae84d85-5fc4-4fec-b2c9-ff65648970f8)", "action_flag": 3, "change_message": ""}}, {"model": "admin.logentry", "pk": 104, "fields": {"action_time": "2023-12-16T14:33:50.283Z", "user": 1, "content_type": 54, "object_id": "eeb6ae2b-cb0e-45f9-8b22-290b082867e6", "object_repr": "DocStash object (eeb6ae2b-cb0e-45f9-8b22-290b082867e6)", "action_flag": 3, "change_message": ""}}, {"model": "admin.logentry", "pk": 105, "fields": {"action_time": "2023-12-16T14:33:50.283Z", "user": 1, "content_type": 54, "object_id": "d44bc8fb-6e2c-43e6-a2a3-571222b7fbca", "object_repr": "DocStash object (d44bc8fb-6e2c-43e6-a2a3-571222b7fbca)", "action_flag": 3, "change_message": ""}}, {"model": "admin.logentry", "pk": 106, "fields": {"action_time": "2023-12-16T14:33:50.283Z", "user": 1, "content_type": 54, "object_id": "3a97d81c-8169-4cdd-915e-150631163758", "object_repr": "DocStash object (3a97d81c-8169-4cdd-915e-150631163758)", "action_flag": 3, "change_message": ""}}, {"model": "admin.logentry", "pk": 107, "fields": {"action_time": "2023-12-16T14:35:30.788Z", "user": 1, "content_type": 54, "object_id": "92a88ccf-3c24-4b95-9924-7820e51beb3d", "object_repr": "DocStash object (92a88ccf-3c24-4b95-9924-7820e51beb3d)", "action_flag": 3, "change_message": ""}}, {"model": "admin.logentry", "pk": 108, "fields": {"action_time": "2023-12-16T14:36:55.995Z", "user": 1, "content_type": 54, "object_id": "3063c1ab-c056-4cf0-933d-7283674efaf6", "object_repr": "DocStash object (3063c1ab-c056-4cf0-933d-7283674efaf6)", "action_flag": 1, "change_message": "[{\"added\": {}}]"}}, {"model": "admin.logentry", "pk": 109, "fields": {"action_time": "2023-12-16T14:52:20.911Z", "user": 1, "content_type": 54, "object_id": "b4b6db4d-6c06-4b19-9fa8-d6d4bcfb4adf", "object_repr": "DocStash object (b4b6db4d-6c06-4b19-9fa8-d6d4bcfb4adf)", "action_flag": 3, "change_message": ""}}, {"model": "admin.logentry", "pk": 110, "fields": {"action_time": "2023-12-16T14:52:20.911Z", "user": 1, "content_type": 54, "object_id": "8fa13084-0ca5-4210-b4cd-31777b7aac29", "object_repr": "DocStash object (8fa13084-0ca5-4210-b4cd-31777b7aac29)", "action_flag": 3, "change_message": ""}}, {"model": "admin.logentry", "pk": 111, "fields": {"action_time": "2023-12-16T14:52:20.911Z", "user": 1, "content_type": 54, "object_id": "80481940-25f9-440e-a61a-59e218caf253", "object_repr": "DocStash object (80481940-25f9-440e-a61a-59e218caf253)", "action_flag": 3, "change_message": ""}}, {"model": "admin.logentry", "pk": 112, "fields": {"action_time": "2023-12-16T14:52:20.911Z", "user": 1, "content_type": 54, "object_id": "3063c1ab-c056-4cf0-933d-7283674efaf6", "object_repr": "DocStash object (3063c1ab-c056-4cf0-933d-7283674efaf6)", "action_flag": 3, "change_message": ""}}, {"model": "admin.logentry", "pk": 113, "fields": {"action_time": "2023-12-16T14:52:20.911Z", "user": 1, "content_type": 54, "object_id": "0c921405-6ddb-463a-9cbf-41653329cbda", "object_repr": "DocStash object (0c921405-6ddb-463a-9cbf-41653329cbda)", "action_flag": 3, "change_message": ""}}, {"model": "admin.logentry", "pk": 114, "fields": {"action_time": "2023-12-16T14:53:35.434Z", "user": 1, "content_type": 54, "object_id": "dd01ebf2-88d6-4f33-ae9f-57be1f1f9ca9", "object_repr": "DocStash object (dd01ebf2-88d6-4f33-ae9f-57be1f1f9ca9)", "action_flag": 3, "change_message": ""}}, {"model": "admin.logentry", "pk": 115, "fields": {"action_time": "2023-12-16T14:54:28.451Z", "user": 1, "content_type": 45, "object_id": "1", "object_repr": "hello_test", "action_flag": 2, "change_message": "[{\"changed\": {\"fields\": [\"Is rejectable\"]}}]"}}, {"model": "admin.logentry", "pk": 116, "fields": {"action_time": "2023-12-16T15:23:40.835Z", "user": 1, "content_type": 54, "object_id": "b7206240-2dfa-4e23-a66f-3ea19f79c2f8", "object_repr": "DocStash object (b7206240-2dfa-4e23-a66f-3ea19f79c2f8)", "action_flag": 3, "change_message": ""}}, {"model": "admin.logentry", "pk": 117, "fields": {"action_time": "2023-12-16T15:28:58.061Z", "user": 1, "content_type": 54, "object_id": "c6c92a2a-2065-40ce-a9d5-e6ddbeda1a8f", "object_repr": "DocStash object (c6c92a2a-2065-40ce-a9d5-e6ddbeda1a8f)", "action_flag": 3, "change_message": ""}}, {"model": "admin.logentry", "pk": 118, "fields": {"action_time": "2023-12-16T15:28:58.061Z", "user": 1, "content_type": 54, "object_id": "2b9ff26f-b856-4af2-8bef-0376f632b450", "object_repr": "DocStash object (2b9ff26f-b856-4af2-8bef-0376f632b450)", "action_flag": 3, "change_message": ""}}, {"model": "admin.logentry", "pk": 119, "fields": {"action_time": "2023-12-16T15:30:06.638Z", "user": 1, "content_type": 54, "object_id": "b5a2a8d6-e9f4-4f3d-9688-c9f3364fc6a9", "object_repr": "DocStash object (b5a2a8d6-e9f4-4f3d-9688-c9f3364fc6a9)", "action_flag": 3, "change_message": ""}}, {"model": "admin.logentry", "pk": 120, "fields": {"action_time": "2023-12-16T15:38:44.084Z", "user": 1, "content_type": 54, "object_id": "8d0988e4-eb76-42f8-9d44-59e019ac6747", "object_repr": "DocStash object (8d0988e4-eb76-42f8-9d44-59e019ac6747)", "action_flag": 3, "change_message": ""}}, {"model": "admin.logentry", "pk": 121, "fields": {"action_time": "2023-12-16T16:18:59.269Z", "user": 1, "content_type": 54, "object_id": "c4862d34-a0b4-4aee-a2b4-614bd4c65dfb", "object_repr": "DocStash object (c4862d34-a0b4-4aee-a2b4-614bd4c65dfb)", "action_flag": 3, "change_message": ""}}, {"model": "admin.logentry", "pk": 122, "fields": {"action_time": "2023-12-16T16:21:46.816Z", "user": 1, "content_type": 54, "object_id": "4dd189b3-1d6a-42b1-9b6e-419a46710a09", "object_repr": "DocStash object (4dd189b3-1d6a-42b1-9b6e-419a46710a09)", "action_flag": 3, "change_message": ""}}, {"model": "admin.logentry", "pk": 123, "fields": {"action_time": "2023-12-16T17:23:12.264Z", "user": 1, "content_type": 54, "object_id": "1d12a3a8-2b7e-437b-bab3-93696b97cc06", "object_repr": "DocStash object (1d12a3a8-2b7e-437b-bab3-93696b97cc06)", "action_flag": 3, "change_message": ""}}, {"model": "admin.logentry", "pk": 124, "fields": {"action_time": "2023-12-16T17:23:12.264Z", "user": 1, "content_type": 54, "object_id": "0f4c0a6e-3b26-479e-8018-ab5363d63e85", "object_repr": "DocStash object (0f4c0a6e-3b26-479e-8018-ab5363d63e85)", "action_flag": 3, "change_message": ""}}, {"model": "admin.logentry", "pk": 125, "fields": {"action_time": "2023-12-16T17:23:25.379Z", "user": 1, "content_type": 54, "object_id": "1bdb6fb0-1055-44af-957d-f98726ba6ceb", "object_repr": "DocStash object (1bdb6fb0-1055-44af-957d-f98726ba6ceb)", "action_flag": 3, "change_message": ""}}, {"model": "admin.logentry", "pk": 126, "fields": {"action_time": "2023-12-16T19:47:46.994Z", "user": 1, "content_type": 30, "object_id": "3", "object_repr": "wwwww", "action_flag": 1, "change_message": "[{\"added\": {}}]"}}, {"model": "admin.logentry", "pk": 127, "fields": {"action_time": "2023-12-16T19:48:09.908Z", "user": 1, "content_type": 32, "object_id": "4", "object_repr": "Consumed Token at wwwww, deadline=2023-12-30 19:47:59+00:00, locked=False", "action_flag": 1, "change_message": "[{\"added\": {}}]"}}, {"model": "admin.logentry", "pk": 128, "fields": {"action_time": "2023-12-16T19:48:28.572Z", "user": 1, "content_type": 53, "object_id": "3", "object_repr": "None tasktype", "action_flag": 1, "change_message": "[{\"added\": {}}]"}}, {"model": "admin.logentry", "pk": 129, "fields": {"action_time": "2023-12-17T21:02:35.363Z", "user": 1, "content_type": 45, "object_id": "1", "object_repr": "hello_test", "action_flag": 2, "change_message": "[{\"changed\": {\"fields\": [\"Form\"]}}]"}}, {"model": "admin.logentry", "pk": 130, "fields": {"action_time": "2023-12-17T21:15:17.151Z", "user": 1, "content_type": 44, "object_id": "6", "object_repr": "hello_test für 2/0", "action_flag": 1, "change_message": "[{\"added\": {}}]"}}, {"model": "admin.logentry", "pk": 131, "fields": {"action_time": "2023-12-18T19:15:13.160Z", "user": 1, "content_type": 45, "object_id": "2", "object_repr": "welcome", "action_flag": 1, "change_message": "[{\"added\": {}}]"}}, {"model": "admin.logentry", "pk": 132, "fields": {"action_time": "2023-12-25T09:43:20.075Z", "user": 1, "content_type": 63, "object_id": "1", "object_repr": "ScratchPad object (1)", "action_flag": 1, "change_message": "[{\"added\": {}}]"}}, {"model": "admin.logentry", "pk": 133, "fields": {"action_time": "2023-12-25T10:45:30.824Z", "user": 1, "content_type": 15, "object_id": "2", "object_repr": "abdo", "action_flag": 1, "change_message": "[{\"added\": {}}]"}}, {"model": "auth.permission", "pk": 1, "fields": {"name": "Can add log entry", "content_type": 1, "codename": "add_logentry"}}, {"model": "auth.permission", "pk": 2, "fields": {"name": "Can change log entry", "content_type": 1, "codename": "change_logentry"}}, {"model": "auth.permission", "pk": 3, "fields": {"name": "Can delete log entry", "content_type": 1, "codename": "delete_logentry"}}, {"model": "auth.permission", "pk": 4, "fields": {"name": "Can view log entry", "content_type": 1, "codename": "view_logentry"}}, {"model": "auth.permission", "pk": 5, "fields": {"name": "Can add permission", "content_type": 2, "codename": "add_permission"}}, {"model": "auth.permission", "pk": 6, "fields": {"name": "Can change permission", "content_type": 2, "codename": "change_permission"}}, {"model": "auth.permission", "pk": 7, "fields": {"name": "Can delete permission", "content_type": 2, "codename": "delete_permission"}}, {"model": "auth.permission", "pk": 8, "fields": {"name": "Can view permission", "content_type": 2, "codename": "view_permission"}}, {"model": "auth.permission", "pk": 9, "fields": {"name": "Can add group", "content_type": 3, "codename": "add_group"}}, {"model": "auth.permission", "pk": 10, "fields": {"name": "Can change group", "content_type": 3, "codename": "change_group"}}, {"model": "auth.permission", "pk": 11, "fields": {"name": "Can delete group", "content_type": 3, "codename": "delete_group"}}, {"model": "auth.permission", "pk": 12, "fields": {"name": "Can view group", "content_type": 3, "codename": "view_group"}}, {"model": "auth.permission", "pk": 13, "fields": {"name": "Can add user", "content_type": 4, "codename": "add_user"}}, {"model": "auth.permission", "pk": 14, "fields": {"name": "Can change user", "content_type": 4, "codename": "change_user"}}, {"model": "auth.permission", "pk": 15, "fields": {"name": "Can delete user", "content_type": 4, "codename": "delete_user"}}, {"model": "auth.permission", "pk": 16, "fields": {"name": "Can view user", "content_type": 4, "codename": "view_user"}}, {"model": "auth.permission", "pk": 17, "fields": {"name": "Can add content type", "content_type": 5, "codename": "add_contenttype"}}, {"model": "auth.permission", "pk": 18, "fields": {"name": "Can change content type", "content_type": 5, "codename": "change_contenttype"}}, {"model": "auth.permission", "pk": 19, "fields": {"name": "Can delete content type", "content_type": 5, "codename": "delete_contenttype"}}, {"model": "auth.permission", "pk": 20, "fields": {"name": "Can view content type", "content_type": 5, "codename": "view_contenttype"}}, {"model": "auth.permission", "pk": 21, "fields": {"name": "Can add session", "content_type": 6, "codename": "add_session"}}, {"model": "auth.permission", "pk": 22, "fields": {"name": "Can change session", "content_type": 6, "codename": "change_session"}}, {"model": "auth.permission", "pk": 23, "fields": {"name": "Can delete session", "content_type": 6, "codename": "delete_session"}}, {"model": "auth.permission", "pk": 24, "fields": {"name": "Can view session", "content_type": 6, "codename": "view_session"}}, {"model": "auth.permission", "pk": 25, "fields": {"name": "Can add revision", "content_type": 7, "codename": "add_revision"}}, {"model": "auth.permission", "pk": 26, "fields": {"name": "Can change revision", "content_type": 7, "codename": "change_revision"}}, {"model": "auth.permission", "pk": 27, "fields": {"name": "Can delete revision", "content_type": 7, "codename": "delete_revision"}}, {"model": "auth.permission", "pk": 28, "fields": {"name": "Can view revision", "content_type": 7, "codename": "view_revision"}}, {"model": "auth.permission", "pk": 29, "fields": {"name": "Can add version", "content_type": 8, "codename": "add_version"}}, {"model": "auth.permission", "pk": 30, "fields": {"name": "Can change version", "content_type": 8, "codename": "change_version"}}, {"model": "auth.permission", "pk": 31, "fields": {"name": "Can delete version", "content_type": 8, "codename": "delete_version"}}, {"model": "auth.permission", "pk": 32, "fields": {"name": "Can view version", "content_type": 8, "codename": "view_version"}}, {"model": "auth.permission", "pk": 33, "fields": {"name": "Can add user settings", "content_type": 9, "codename": "add_usersettings"}}, {"model": "auth.permission", "pk": 34, "fields": {"name": "Can change user settings", "content_type": 9, "codename": "change_usersettings"}}, {"model": "auth.permission", "pk": 35, "fields": {"name": "Can delete user settings", "content_type": 9, "codename": "delete_usersettings"}}, {"model": "auth.permission", "pk": 36, "fields": {"name": "Can view user settings", "content_type": 9, "codename": "view_usersettings"}}, {"model": "auth.permission", "pk": 37, "fields": {"name": "Can add user profile", "content_type": 10, "codename": "add_userprofile"}}, {"model": "auth.permission", "pk": 38, "fields": {"name": "Can change user profile", "content_type": 10, "codename": "change_userprofile"}}, {"model": "auth.permission", "pk": 39, "fields": {"name": "Can delete user profile", "content_type": 10, "codename": "delete_userprofile"}}, {"model": "auth.permission", "pk": 40, "fields": {"name": "Can view user profile", "content_type": 10, "codename": "view_userprofile"}}, {"model": "auth.permission", "pk": 41, "fields": {"name": "Can add login history", "content_type": 11, "codename": "add_loginhistory"}}, {"model": "auth.permission", "pk": 42, "fields": {"name": "Can change login history", "content_type": 11, "codename": "change_loginhistory"}}, {"model": "auth.permission", "pk": 43, "fields": {"name": "Can delete login history", "content_type": 11, "codename": "delete_loginhistory"}}, {"model": "auth.permission", "pk": 44, "fields": {"name": "Can view login history", "content_type": 11, "codename": "view_loginhistory"}}, {"model": "auth.permission", "pk": 45, "fields": {"name": "Can add invitation", "content_type": 12, "codename": "add_invitation"}}, {"model": "auth.permission", "pk": 46, "fields": {"name": "Can change invitation", "content_type": 12, "codename": "change_invitation"}}, {"model": "auth.permission", "pk": 47, "fields": {"name": "Can delete invitation", "content_type": 12, "codename": "delete_invitation"}}, {"model": "auth.permission", "pk": 48, "fields": {"name": "Can view invitation", "content_type": 12, "codename": "view_invitation"}}, {"model": "auth.permission", "pk": 49, "fields": {"name": "Can add advanced settings", "content_type": 13, "codename": "add_advancedsettings"}}, {"model": "auth.permission", "pk": 50, "fields": {"name": "Can change advanced settings", "content_type": 13, "codename": "change_advancedsettings"}}, {"model": "auth.permission", "pk": 51, "fields": {"name": "Can delete advanced settings", "content_type": 13, "codename": "delete_advancedsettings"}}, {"model": "auth.permission", "pk": 52, "fields": {"name": "Can view advanced settings", "content_type": 13, "codename": "view_advancedsettings"}}, {"model": "auth.permission", "pk": 53, "fields": {"name": "Can add comment", "content_type": 14, "codename": "add_comment"}}, {"model": "auth.permission", "pk": 54, "fields": {"name": "Can change comment", "content_type": 14, "codename": "change_comment"}}, {"model": "auth.permission", "pk": 55, "fields": {"name": "Can delete comment", "content_type": 14, "codename": "delete_comment"}}, {"model": "auth.permission", "pk": 56, "fields": {"name": "Can view comment", "content_type": 14, "codename": "view_comment"}}, {"model": "auth.permission", "pk": 57, "fields": {"name": "Can add ethics commission", "content_type": 15, "codename": "add_ethicscommission"}}, {"model": "auth.permission", "pk": 58, "fields": {"name": "Can change ethics commission", "content_type": 15, "codename": "change_ethicscommission"}}, {"model": "auth.permission", "pk": 59, "fields": {"name": "Can delete ethics commission", "content_type": 15, "codename": "delete_ethicscommission"}}, {"model": "auth.permission", "pk": 60, "fields": {"name": "Can view ethics commission", "content_type": 15, "codename": "view_ethicscommission"}}, {"model": "auth.permission", "pk": 61, "fields": {"name": "Can add foreign participating center", "content_type": 16, "codename": "add_foreignparticipatingcenter"}}, {"model": "auth.permission", "pk": 62, "fields": {"name": "Can change foreign participating center", "content_type": 16, "codename": "change_foreignparticipatingcenter"}}, {"model": "auth.permission", "pk": 63, "fields": {"name": "Can delete foreign participating center", "content_type": 16, "codename": "delete_foreignparticipatingcenter"}}, {"model": "auth.permission", "pk": 64, "fields": {"name": "Can view foreign participating center", "content_type": 16, "codename": "view_foreignparticipatingcenter"}}, {"model": "auth.permission", "pk": 65, "fields": {"name": "Can add investigator", "content_type": 17, "codename": "add_investigator"}}, {"model": "auth.permission", "pk": 66, "fields": {"name": "Can change investigator", "content_type": 17, "codename": "change_investigator"}}, {"model": "auth.permission", "pk": 67, "fields": {"name": "Can delete investigator", "content_type": 17, "codename": "delete_investigator"}}, {"model": "auth.permission", "pk": 68, "fields": {"name": "Can view investigator", "content_type": 17, "codename": "view_investigator"}}, {"model": "auth.permission", "pk": 69, "fields": {"name": "Can add investigator employee", "content_type": 18, "codename": "add_investigatoremployee"}}, {"model": "auth.permission", "pk": 70, "fields": {"name": "Can change investigator employee", "content_type": 18, "codename": "change_investigatoremployee"}}, {"model": "auth.permission", "pk": 71, "fields": {"name": "Can delete investigator employee", "content_type": 18, "codename": "delete_investigatoremployee"}}, {"model": "auth.permission", "pk": 72, "fields": {"name": "Can view investigator employee", "content_type": 18, "codename": "view_investigatoremployee"}}, {"model": "auth.permission", "pk": 73, "fields": {"name": "Can add measure", "content_type": 19, "codename": "add_measure"}}, {"model": "auth.permission", "pk": 74, "fields": {"name": "Can change measure", "content_type": 19, "codename": "change_measure"}}, {"model": "auth.permission", "pk": 75, "fields": {"name": "Can delete measure", "content_type": 19, "codename": "delete_measure"}}, {"model": "auth.permission", "pk": 76, "fields": {"name": "Can view measure", "content_type": 19, "codename": "view_measure"}}, {"model": "auth.permission", "pk": 77, "fields": {"name": "Can add medical category", "content_type": 20, "codename": "add_medicalcategory"}}, {"model": "auth.permission", "pk": 78, "fields": {"name": "Can change medical category", "content_type": 20, "codename": "change_medicalcategory"}}, {"model": "auth.permission", "pk": 79, "fields": {"name": "Can delete medical category", "content_type": 20, "codename": "delete_medicalcategory"}}, {"model": "auth.permission", "pk": 80, "fields": {"name": "Can view medical category", "content_type": 20, "codename": "view_medicalcategory"}}, {"model": "auth.permission", "pk": 81, "fields": {"name": "Can add my submission", "content_type": 21, "codename": "add_mysubmission"}}, {"model": "auth.permission", "pk": 82, "fields": {"name": "Can change my submission", "content_type": 21, "codename": "change_mysubmission"}}, {"model": "auth.permission", "pk": 83, "fields": {"name": "Can delete my submission", "content_type": 21, "codename": "delete_mysubmission"}}, {"model": "auth.permission", "pk": 84, "fields": {"name": "Can view my submission", "content_type": 21, "codename": "view_mysubmission"}}, {"model": "auth.permission", "pk": 85, "fields": {"name": "Can add non tested used drug", "content_type": 22, "codename": "add_nontesteduseddrug"}}, {"model": "auth.permission", "pk": 86, "fields": {"name": "Can change non tested used drug", "content_type": 22, "codename": "change_nontesteduseddrug"}}, {"model": "auth.permission", "pk": 87, "fields": {"name": "Can delete non tested used drug", "content_type": 22, "codename": "delete_nontesteduseddrug"}}, {"model": "auth.permission", "pk": 88, "fields": {"name": "Can view non tested used drug", "content_type": 22, "codename": "view_nontesteduseddrug"}}, {"model": "auth.permission", "pk": 89, "fields": {"name": "Can add participating center non subject", "content_type": 23, "codename": "add_participatingcenternonsubject"}}, {"model": "auth.permission", "pk": 90, "fields": {"name": "Can change participating center non subject", "content_type": 23, "codename": "change_participatingcenternonsubject"}}, {"model": "auth.permission", "pk": 91, "fields": {"name": "Can delete participating center non subject", "content_type": 23, "codename": "delete_participatingcenternonsubject"}}, {"model": "auth.permission", "pk": 92, "fields": {"name": "Can view participating center non subject", "content_type": 23, "codename": "view_participatingcenternonsubject"}}, {"model": "auth.permission", "pk": 93, "fields": {"name": "Can add submission", "content_type": 24, "codename": "add_submission"}}, {"model": "auth.permission", "pk": 94, "fields": {"name": "Can change submission", "content_type": 24, "codename": "change_submission"}}, {"model": "auth.permission", "pk": 95, "fields": {"name": "Can delete submission", "content_type": 24, "codename": "delete_submission"}}, {"model": "auth.permission", "pk": 96, "fields": {"name": "Can view submission", "content_type": 24, "codename": "view_submission"}}, {"model": "auth.permission", "pk": 97, "fields": {"name": "Can add submission form", "content_type": 25, "codename": "add_submissionform"}}, {"model": "auth.permission", "pk": 98, "fields": {"name": "Can change submission form", "content_type": 25, "codename": "change_submissionform"}}, {"model": "auth.permission", "pk": 99, "fields": {"name": "Can delete submission form", "content_type": 25, "codename": "delete_submissionform"}}, {"model": "auth.permission", "pk": 100, "fields": {"name": "Can view submission form", "content_type": 25, "codename": "view_submissionform"}}, {"model": "auth.permission", "pk": 101, "fields": {"name": "Can add temporary authorization", "content_type": 26, "codename": "add_temporaryauthorization"}}, {"model": "auth.permission", "pk": 102, "fields": {"name": "Can change temporary authorization", "content_type": 26, "codename": "change_temporaryauthorization"}}, {"model": "auth.permission", "pk": 103, "fields": {"name": "Can delete temporary authorization", "content_type": 26, "codename": "delete_temporaryauthorization"}}, {"model": "auth.permission", "pk": 104, "fields": {"name": "Can view temporary authorization", "content_type": 26, "codename": "view_temporaryauthorization"}}, {"model": "auth.permission", "pk": 105, "fields": {"name": "Can add document type", "content_type": 27, "codename": "add_documenttype"}}, {"model": "auth.permission", "pk": 106, "fields": {"name": "Can change document type", "content_type": 27, "codename": "change_documenttype"}}, {"model": "auth.permission", "pk": 107, "fields": {"name": "Can delete document type", "content_type": 27, "codename": "delete_documenttype"}}, {"model": "auth.permission", "pk": 108, "fields": {"name": "Can view document type", "content_type": 27, "codename": "view_documenttype"}}, {"model": "auth.permission", "pk": 109, "fields": {"name": "Can add document", "content_type": 28, "codename": "add_document"}}, {"model": "auth.permission", "pk": 110, "fields": {"name": "Can change document", "content_type": 28, "codename": "change_document"}}, {"model": "auth.permission", "pk": 111, "fields": {"name": "Can delete document", "content_type": 28, "codename": "delete_document"}}, {"model": "auth.permission", "pk": 112, "fields": {"name": "Can view document", "content_type": 28, "codename": "view_document"}}, {"model": "auth.permission", "pk": 113, "fields": {"name": "Can add edge", "content_type": 29, "codename": "add_edge"}}, {"model": "auth.permission", "pk": 114, "fields": {"name": "Can change edge", "content_type": 29, "codename": "change_edge"}}, {"model": "auth.permission", "pk": 115, "fields": {"name": "Can delete edge", "content_type": 29, "codename": "delete_edge"}}, {"model": "auth.permission", "pk": 116, "fields": {"name": "Can view edge", "content_type": 29, "codename": "view_edge"}}, {"model": "auth.permission", "pk": 117, "fields": {"name": "Can add node", "content_type": 30, "codename": "add_node"}}, {"model": "auth.permission", "pk": 118, "fields": {"name": "Can change node", "content_type": 30, "codename": "change_node"}}, {"model": "auth.permission", "pk": 119, "fields": {"name": "Can delete node", "content_type": 30, "codename": "delete_node"}}, {"model": "auth.permission", "pk": 120, "fields": {"name": "Can view node", "content_type": 30, "codename": "view_node"}}, {"model": "auth.permission", "pk": 121, "fields": {"name": "Can add node type", "content_type": 31, "codename": "add_nodetype"}}, {"model": "auth.permission", "pk": 122, "fields": {"name": "Can change node type", "content_type": 31, "codename": "change_nodetype"}}, {"model": "auth.permission", "pk": 123, "fields": {"name": "Can delete node type", "content_type": 31, "codename": "delete_nodetype"}}, {"model": "auth.permission", "pk": 124, "fields": {"name": "Can view node type", "content_type": 31, "codename": "view_nodetype"}}, {"model": "auth.permission", "pk": 125, "fields": {"name": "Can add token", "content_type": 32, "codename": "add_token"}}, {"model": "auth.permission", "pk": 126, "fields": {"name": "Can change token", "content_type": 32, "codename": "change_token"}}, {"model": "auth.permission", "pk": 127, "fields": {"name": "Can delete token", "content_type": 32, "codename": "delete_token"}}, {"model": "auth.permission", "pk": 128, "fields": {"name": "Can view token", "content_type": 32, "codename": "view_token"}}, {"model": "auth.permission", "pk": 129, "fields": {"name": "Can add graph", "content_type": 33, "codename": "add_graph"}}, {"model": "auth.permission", "pk": 130, "fields": {"name": "Can change graph", "content_type": 33, "codename": "change_graph"}}, {"model": "auth.permission", "pk": 131, "fields": {"name": "Can delete graph", "content_type": 33, "codename": "delete_graph"}}, {"model": "auth.permission", "pk": 132, "fields": {"name": "Can view graph", "content_type": 33, "codename": "view_graph"}}, {"model": "auth.permission", "pk": 133, "fields": {"name": "Can add workflow", "content_type": 34, "codename": "add_workflow"}}, {"model": "auth.permission", "pk": 134, "fields": {"name": "Can change workflow", "content_type": 34, "codename": "change_workflow"}}, {"model": "auth.permission", "pk": 135, "fields": {"name": "Can delete workflow", "content_type": 34, "codename": "delete_workflow"}}, {"model": "auth.permission", "pk": 136, "fields": {"name": "Can view workflow", "content_type": 34, "codename": "view_workflow"}}, {"model": "auth.permission", "pk": 137, "fields": {"name": "Can add guard", "content_type": 35, "codename": "add_guard"}}, {"model": "auth.permission", "pk": 138, "fields": {"name": "Can change guard", "content_type": 35, "codename": "change_guard"}}, {"model": "auth.permission", "pk": 139, "fields": {"name": "Can delete guard", "content_type": 35, "codename": "delete_guard"}}, {"model": "auth.permission", "pk": 140, "fields": {"name": "Can view guard", "content_type": 35, "codename": "view_guard"}}, {"model": "auth.permission", "pk": 141, "fields": {"name": "Can add vote", "content_type": 36, "codename": "add_vote"}}, {"model": "auth.permission", "pk": 142, "fields": {"name": "Can change vote", "content_type": 36, "codename": "change_vote"}}, {"model": "auth.permission", "pk": 143, "fields": {"name": "Can delete vote", "content_type": 36, "codename": "delete_vote"}}, {"model": "auth.permission", "pk": 144, "fields": {"name": "Can view vote", "content_type": 36, "codename": "view_vote"}}, {"model": "auth.permission", "pk": 145, "fields": {"name": "Can add checklist", "content_type": 37, "codename": "add_checklist"}}, {"model": "auth.permission", "pk": 146, "fields": {"name": "Can change checklist", "content_type": 37, "codename": "change_checklist"}}, {"model": "auth.permission", "pk": 147, "fields": {"name": "Can delete checklist", "content_type": 37, "codename": "delete_checklist"}}, {"model": "auth.permission", "pk": 148, "fields": {"name": "Can view checklist", "content_type": 37, "codename": "view_checklist"}}, {"model": "auth.permission", "pk": 149, "fields": {"name": "Can add checklist blueprint", "content_type": 38, "codename": "add_checklistblueprint"}}, {"model": "auth.permission", "pk": 150, "fields": {"name": "Can change checklist blueprint", "content_type": 38, "codename": "change_checklistblueprint"}}, {"model": "auth.permission", "pk": 151, "fields": {"name": "Can delete checklist blueprint", "content_type": 38, "codename": "delete_checklistblueprint"}}, {"model": "auth.permission", "pk": 152, "fields": {"name": "Can view checklist blueprint", "content_type": 38, "codename": "view_checklistblueprint"}}, {"model": "auth.permission", "pk": 153, "fields": {"name": "Can add checklist question", "content_type": 39, "codename": "add_checklistquestion"}}, {"model": "auth.permission", "pk": 154, "fields": {"name": "Can change checklist question", "content_type": 39, "codename": "change_checklistquestion"}}, {"model": "auth.permission", "pk": 155, "fields": {"name": "Can delete checklist question", "content_type": 39, "codename": "delete_checklistquestion"}}, {"model": "auth.permission", "pk": 156, "fields": {"name": "Can view checklist question", "content_type": 39, "codename": "view_checklistquestion"}}, {"model": "auth.permission", "pk": 157, "fields": {"name": "Can add checklist answer", "content_type": 40, "codename": "add_checklistanswer"}}, {"model": "auth.permission", "pk": 158, "fields": {"name": "Can change checklist answer", "content_type": 40, "codename": "change_checklistanswer"}}, {"model": "auth.permission", "pk": 159, "fields": {"name": "Can delete checklist answer", "content_type": 40, "codename": "delete_checklistanswer"}}, {"model": "auth.permission", "pk": 160, "fields": {"name": "Can view checklist answer", "content_type": 40, "codename": "view_checklistanswer"}}, {"model": "auth.permission", "pk": 161, "fields": {"name": "Can add Meeting", "content_type": 41, "codename": "add_meeting"}}, {"model": "auth.permission", "pk": 162, "fields": {"name": "Can change Meeting", "content_type": 41, "codename": "change_meeting"}}, {"model": "auth.permission", "pk": 163, "fields": {"name": "Can delete Meeting", "content_type": 41, "codename": "delete_meeting"}}, {"model": "auth.permission", "pk": 164, "fields": {"name": "Can view Meeting", "content_type": 41, "codename": "view_meeting"}}, {"model": "auth.permission", "pk": 165, "fields": {"name": "Can add timetable entry", "content_type": 42, "codename": "add_timetableentry"}}, {"model": "auth.permission", "pk": 166, "fields": {"name": "Can change timetable entry", "content_type": 42, "codename": "change_timetableentry"}}, {"model": "auth.permission", "pk": 167, "fields": {"name": "Can delete timetable entry", "content_type": 42, "codename": "delete_timetableentry"}}, {"model": "auth.permission", "pk": 168, "fields": {"name": "Can view timetable entry", "content_type": 42, "codename": "view_timetableentry"}}, {"model": "auth.permission", "pk": 169, "fields": {"name": "Can add assigned medical category", "content_type": 43, "codename": "add_assignedmedicalcategory"}}, {"model": "auth.permission", "pk": 170, "fields": {"name": "Can change assigned medical category", "content_type": 43, "codename": "change_assignedmedicalcategory"}}, {"model": "auth.permission", "pk": 171, "fields": {"name": "Can delete assigned medical category", "content_type": 43, "codename": "delete_assignedmedicalcategory"}}, {"model": "auth.permission", "pk": 172, "fields": {"name": "Can view assigned medical category", "content_type": 43, "codename": "view_assignedmedicalcategory"}}, {"model": "auth.permission", "pk": 173, "fields": {"name": "Can add notification", "content_type": 44, "codename": "add_notification"}}, {"model": "auth.permission", "pk": 174, "fields": {"name": "Can change notification", "content_type": 44, "codename": "change_notification"}}, {"model": "auth.permission", "pk": 175, "fields": {"name": "Can delete notification", "content_type": 44, "codename": "delete_notification"}}, {"model": "auth.permission", "pk": 176, "fields": {"name": "Can view notification", "content_type": 44, "codename": "view_notification"}}, {"model": "auth.permission", "pk": 177, "fields": {"name": "Can add notification type", "content_type": 45, "codename": "add_notificationtype"}}, {"model": "auth.permission", "pk": 178, "fields": {"name": "Can change notification type", "content_type": 45, "codename": "change_notificationtype"}}, {"model": "auth.permission", "pk": 179, "fields": {"name": "Can delete notification type", "content_type": 45, "codename": "delete_notificationtype"}}, {"model": "auth.permission", "pk": 180, "fields": {"name": "Can view notification type", "content_type": 45, "codename": "view_notificationtype"}}, {"model": "auth.permission", "pk": 181, "fields": {"name": "Can add completion report notification", "content_type": 46, "codename": "add_completionreportnotification"}}, {"model": "auth.permission", "pk": 182, "fields": {"name": "Can change completion report notification", "content_type": 46, "codename": "change_completionreportnotification"}}, {"model": "auth.permission", "pk": 183, "fields": {"name": "Can delete completion report notification", "content_type": 46, "codename": "delete_completionreportnotification"}}, {"model": "auth.permission", "pk": 184, "fields": {"name": "Can view completion report notification", "content_type": 46, "codename": "view_completionreportnotification"}}, {"model": "auth.permission", "pk": 185, "fields": {"name": "Can add progress report notification", "content_type": 47, "codename": "add_progressreportnotification"}}, {"model": "auth.permission", "pk": 186, "fields": {"name": "Can change progress report notification", "content_type": 47, "codename": "change_progressreportnotification"}}, {"model": "auth.permission", "pk": 187, "fields": {"name": "Can delete progress report notification", "content_type": 47, "codename": "delete_progressreportnotification"}}, {"model": "auth.permission", "pk": 188, "fields": {"name": "Can view progress report notification", "content_type": 47, "codename": "view_progressreportnotification"}}, {"model": "auth.permission", "pk": 189, "fields": {"name": "Can add safety notification", "content_type": 48, "codename": "add_safetynotification"}}, {"model": "auth.permission", "pk": 190, "fields": {"name": "Can change safety notification", "content_type": 48, "codename": "change_safetynotification"}}, {"model": "auth.permission", "pk": 191, "fields": {"name": "Can delete safety notification", "content_type": 48, "codename": "delete_safetynotification"}}, {"model": "auth.permission", "pk": 192, "fields": {"name": "Can view safety notification", "content_type": 48, "codename": "view_safetynotification"}}, {"model": "auth.permission", "pk": 193, "fields": {"name": "Can add notification answer", "content_type": 49, "codename": "add_notificationanswer"}}, {"model": "auth.permission", "pk": 194, "fields": {"name": "Can change notification answer", "content_type": 49, "codename": "change_notificationanswer"}}, {"model": "auth.permission", "pk": 195, "fields": {"name": "Can delete notification answer", "content_type": 49, "codename": "delete_notificationanswer"}}, {"model": "auth.permission", "pk": 196, "fields": {"name": "Can view notification answer", "content_type": 49, "codename": "view_notificationanswer"}}, {"model": "auth.permission", "pk": 197, "fields": {"name": "Can add center close notification", "content_type": 50, "codename": "add_centerclosenotification"}}, {"model": "auth.permission", "pk": 198, "fields": {"name": "Can change center close notification", "content_type": 50, "codename": "change_centerclosenotification"}}, {"model": "auth.permission", "pk": 199, "fields": {"name": "Can delete center close notification", "content_type": 50, "codename": "delete_centerclosenotification"}}, {"model": "auth.permission", "pk": 200, "fields": {"name": "Can view center close notification", "content_type": 50, "codename": "view_centerclosenotification"}}, {"model": "auth.permission", "pk": 201, "fields": {"name": "Can add amendment notification", "content_type": 51, "codename": "add_amendmentnotification"}}, {"model": "auth.permission", "pk": 202, "fields": {"name": "Can change amendment notification", "content_type": 51, "codename": "change_amendmentnotification"}}, {"model": "auth.permission", "pk": 203, "fields": {"name": "Can delete amendment notification", "content_type": 51, "codename": "delete_amendmentnotification"}}, {"model": "auth.permission", "pk": 204, "fields": {"name": "Can view amendment notification", "content_type": 51, "codename": "view_amendmentnotification"}}, {"model": "auth.permission", "pk": 205, "fields": {"name": "Can add task type", "content_type": 52, "codename": "add_tasktype"}}, {"model": "auth.permission", "pk": 206, "fields": {"name": "Can change task type", "content_type": 52, "codename": "change_tasktype"}}, {"model": "auth.permission", "pk": 207, "fields": {"name": "Can delete task type", "content_type": 52, "codename": "delete_tasktype"}}, {"model": "auth.permission", "pk": 208, "fields": {"name": "Can view task type", "content_type": 52, "codename": "view_tasktype"}}, {"model": "auth.permission", "pk": 209, "fields": {"name": "Can add task", "content_type": 53, "codename": "add_task"}}, {"model": "auth.permission", "pk": 210, "fields": {"name": "Can change task", "content_type": 53, "codename": "change_task"}}, {"model": "auth.permission", "pk": 211, "fields": {"name": "Can delete task", "content_type": 53, "codename": "delete_task"}}, {"model": "auth.permission", "pk": 212, "fields": {"name": "Can view task", "content_type": 53, "codename": "view_task"}}, {"model": "auth.permission", "pk": 213, "fields": {"name": "Can add doc stash", "content_type": 54, "codename": "add_docstash"}}, {"model": "auth.permission", "pk": 214, "fields": {"name": "Can change doc stash", "content_type": 54, "codename": "change_docstash"}}, {"model": "auth.permission", "pk": 215, "fields": {"name": "Can delete doc stash", "content_type": 54, "codename": "delete_docstash"}}, {"model": "auth.permission", "pk": 216, "fields": {"name": "Can view doc stash", "content_type": 54, "codename": "view_docstash"}}, {"model": "auth.permission", "pk": 217, "fields": {"name": "Can add certificate authority", "content_type": 55, "codename": "add_certificateauthority"}}, {"model": "auth.permission", "pk": 218, "fields": {"name": "Can change certificate authority", "content_type": 55, "codename": "change_certificateauthority"}}, {"model": "auth.permission", "pk": 219, "fields": {"name": "Can delete certificate authority", "content_type": 55, "codename": "delete_certificateauthority"}}, {"model": "auth.permission", "pk": 220, "fields": {"name": "Can view certificate authority", "content_type": 55, "codename": "view_certificateauthority"}}, {"model": "auth.permission", "pk": 221, "fields": {"name": "Can add certificate", "content_type": 56, "codename": "add_certificate"}}, {"model": "auth.permission", "pk": 222, "fields": {"name": "Can change certificate", "content_type": 56, "codename": "change_certificate"}}, {"model": "auth.permission", "pk": 223, "fields": {"name": "Can delete certificate", "content_type": 56, "codename": "delete_certificate"}}, {"model": "auth.permission", "pk": 224, "fields": {"name": "Can view certificate", "content_type": 56, "codename": "view_certificate"}}, {"model": "auth.permission", "pk": 225, "fields": {"name": "Can add tag", "content_type": 57, "codename": "add_tag"}}, {"model": "auth.permission", "pk": 226, "fields": {"name": "Can change tag", "content_type": 57, "codename": "change_tag"}}, {"model": "auth.permission", "pk": 227, "fields": {"name": "Can delete tag", "content_type": 57, "codename": "delete_tag"}}, {"model": "auth.permission", "pk": 228, "fields": {"name": "Can view tag", "content_type": 57, "codename": "view_tag"}}, {"model": "auth.permission", "pk": 229, "fields": {"name": "Can add checklist billing state", "content_type": 58, "codename": "add_checklistbillingstate"}}, {"model": "auth.permission", "pk": 230, "fields": {"name": "Can change checklist billing state", "content_type": 58, "codename": "change_checklistbillingstate"}}, {"model": "auth.permission", "pk": 231, "fields": {"name": "Can delete checklist billing state", "content_type": 58, "codename": "delete_checklistbillingstate"}}, {"model": "auth.permission", "pk": 232, "fields": {"name": "Can view checklist billing state", "content_type": 58, "codename": "view_checklistbillingstate"}}, {"model": "auth.permission", "pk": 233, "fields": {"name": "Can add checklist payment", "content_type": 59, "codename": "add_checklistpayment"}}, {"model": "auth.permission", "pk": 234, "fields": {"name": "Can change checklist payment", "content_type": 59, "codename": "change_checklistpayment"}}, {"model": "auth.permission", "pk": 235, "fields": {"name": "Can delete checklist payment", "content_type": 59, "codename": "delete_checklistpayment"}}, {"model": "auth.permission", "pk": 236, "fields": {"name": "Can view checklist payment", "content_type": 59, "codename": "view_checklistpayment"}}, {"model": "auth.permission", "pk": 237, "fields": {"name": "Can add invoice", "content_type": 60, "codename": "add_invoice"}}, {"model": "auth.permission", "pk": 238, "fields": {"name": "Can change invoice", "content_type": 60, "codename": "change_invoice"}}, {"model": "auth.permission", "pk": 239, "fields": {"name": "Can delete invoice", "content_type": 60, "codename": "delete_invoice"}}, {"model": "auth.permission", "pk": 240, "fields": {"name": "Can view invoice", "content_type": 60, "codename": "view_invoice"}}, {"model": "auth.permission", "pk": 241, "fields": {"name": "Can add price", "content_type": 61, "codename": "add_price"}}, {"model": "auth.permission", "pk": 242, "fields": {"name": "Can change price", "content_type": 61, "codename": "change_price"}}, {"model": "auth.permission", "pk": 243, "fields": {"name": "Can delete price", "content_type": 61, "codename": "delete_price"}}, {"model": "auth.permission", "pk": 244, "fields": {"name": "Can view price", "content_type": 61, "codename": "view_price"}}, {"model": "auth.permission", "pk": 245, "fields": {"name": "Can add text", "content_type": 62, "codename": "add_text"}}, {"model": "auth.permission", "pk": 246, "fields": {"name": "Can change text", "content_type": 62, "codename": "change_text"}}, {"model": "auth.permission", "pk": 247, "fields": {"name": "Can delete text", "content_type": 62, "codename": "delete_text"}}, {"model": "auth.permission", "pk": 248, "fields": {"name": "Can view text", "content_type": 62, "codename": "view_text"}}, {"model": "auth.permission", "pk": 249, "fields": {"name": "Can add scratch pad", "content_type": 63, "codename": "add_scratchpad"}}, {"model": "auth.permission", "pk": 250, "fields": {"name": "Can change scratch pad", "content_type": 63, "codename": "change_scratchpad"}}, {"model": "auth.permission", "pk": 251, "fields": {"name": "Can delete scratch pad", "content_type": 63, "codename": "delete_scratchpad"}}, {"model": "auth.permission", "pk": 252, "fields": {"name": "Can view scratch pad", "content_type": 63, "codename": "view_scratchpad"}}, {"model": "auth.permission", "pk": 253, "fields": {"name": "Can add thread", "content_type": 64, "codename": "add_thread"}}, {"model": "auth.permission", "pk": 254, "fields": {"name": "Can change thread", "content_type": 64, "codename": "change_thread"}}, {"model": "auth.permission", "pk": 255, "fields": {"name": "Can delete thread", "content_type": 64, "codename": "delete_thread"}}, {"model": "auth.permission", "pk": 256, "fields": {"name": "Can view thread", "content_type": 64, "codename": "view_thread"}}, {"model": "auth.permission", "pk": 257, "fields": {"name": "Can add message", "content_type": 65, "codename": "add_message"}}, {"model": "auth.permission", "pk": 258, "fields": {"name": "Can change message", "content_type": 65, "codename": "change_message"}}, {"model": "auth.permission", "pk": 259, "fields": {"name": "Can delete message", "content_type": 65, "codename": "delete_message"}}, {"model": "auth.permission", "pk": 260, "fields": {"name": "Can view message", "content_type": 65, "codename": "view_message"}}, {"model": "auth.permission", "pk": 261, "fields": {"name": "Can add participation", "content_type": 66, "codename": "add_participation"}}, {"model": "auth.permission", "pk": 262, "fields": {"name": "Can change participation", "content_type": 66, "codename": "change_participation"}}, {"model": "auth.permission", "pk": 263, "fields": {"name": "Can delete participation", "content_type": 66, "codename": "delete_participation"}}, {"model": "auth.permission", "pk": 264, "fields": {"name": "Can view participation", "content_type": 66, "codename": "view_participation"}}, {"model": "auth.permission", "pk": 265, "fields": {"name": "Can add constraint", "content_type": 67, "codename": "add_constraint"}}, {"model": "auth.permission", "pk": 266, "fields": {"name": "Can change constraint", "content_type": 67, "codename": "change_constraint"}}, {"model": "auth.permission", "pk": 267, "fields": {"name": "Can delete constraint", "content_type": 67, "codename": "delete_constraint"}}, {"model": "auth.permission", "pk": 268, "fields": {"name": "Can view constraint", "content_type": 67, "codename": "view_constraint"}}, {"model": "auth.permission", "pk": 269, "fields": {"name": "Can add download history", "content_type": 68, "codename": "add_downloadhistory"}}, {"model": "auth.permission", "pk": 270, "fields": {"name": "Can change download history", "content_type": 68, "codename": "change_downloadhistory"}}, {"model": "auth.permission", "pk": 271, "fields": {"name": "Can delete download history", "content_type": 68, "codename": "delete_downloadhistory"}}, {"model": "auth.permission", "pk": 272, "fields": {"name": "Can view download history", "content_type": 68, "codename": "view_downloadhistory"}}, {"model": "auth.permission", "pk": 273, "fields": {"name": "Can add site", "content_type": 69, "codename": "add_site"}}, {"model": "auth.permission", "pk": 274, "fields": {"name": "Can change site", "content_type": 69, "codename": "change_site"}}, {"model": "auth.permission", "pk": 275, "fields": {"name": "Can delete site", "content_type": 69, "codename": "delete_site"}}, {"model": "auth.permission", "pk": 276, "fields": {"name": "Can view site", "content_type": 69, "codename": "view_site"}}, {"model": "auth.group", "pk": 1, "fields": {"name": "EC-Office", "permissions": [1, 2, 3, 4, 9, 10, 11, 12, 5, 6, 7, 8, 13, 14, 15, 16, 229, 230, 231, 232, 233, 234, 235, 236, 237, 238, 239, 240, 241, 242, 243, 244, 245, 246, 247, 248, 145, 146, 147, 148, 157, 158, 159, 160, 149, 150, 151, 152, 153, 154, 155, 156, 17, 18, 19, 20, 49, 50, 51, 52, 53, 54, 55, 56, 57, 58, 59, 60, 61, 62, 63, 64, 65, 66, 67, 68, 69, 70, 71, 72, 73, 74, 75, 76, 77, 78, 79, 80, 81, 82, 83, 84, 85, 86, 87, 88, 89, 90, 91, 92, 93, 94, 95, 96, 97, 98, 99, 100, 101, 102, 103, 104, 213, 214, 215, 216, 109, 110, 111, 112, 105, 106, 107, 108, 169, 170, 171, 172, 161, 162, 163, 164, 165, 166, 167, 168, 201, 202, 203, 204, 197, 198, 199, 200, 181, 182, 183, 184, 173, 174, 175, 176, 193, 194, 195, 196, 177, 178, 179, 180, 185, 186, 187, 188, 189, 190, 191, 192, 221, 222, 223, 224, 217, 218, 219, 220, 25, 26, 27, 28, 29, 30, 31, 32, 249, 250, 251, 252, 21, 22, 23, 24, 225, 226, 227, 228, 209, 210, 211, 212, 205, 206, 207, 208, 45, 46, 47, 48, 41, 42, 43, 44, 37, 38, 39, 40, 33, 34, 35, 36, 141, 142, 143, 144, 113, 114, 115, 116, 129, 130, 131, 132, 137, 138, 139, 140, 117, 118, 119, 120, 121, 122, 123, 124, 125, 126, 127, 128, 133, 134, 135, 136]}}, {"model": "auth.user", "pk": 1, "fields": {"password": "pbkdf2_sha256$600000$QGGnk1UJ1Nt5G4R7Pg7GDc$J1nbfPXfrdJ7OCsAyA0PUED6Z4LLlf0uUZRZNSwFpxQ=", "last_login": "2023-12-26T18:36:56.692Z", "is_superuser": true, "username": "abdo", "first_name": "abdo", "last_name": "abdallah", "email": "abdo@gmail.com", "is_staff": true, "is_active": true, "date_joined": "2023-12-01T17:30:41Z", "groups": [1], "user_permissions": [1, 2, 3, 4, 9, 10, 11, 12, 5, 6, 7, 8, 13, 14, 15, 16, 229, 230, 231, 232, 233, 234, 235, 236, 237, 238, 239, 240, 241, 242, 243, 244, 245, 246, 247, 248, 145, 146, 147, 148, 157, 158, 159, 160, 149, 150, 151, 152, 153, 154, 155, 156, 17, 18, 19, 20, 49, 50, 51, 52, 53, 54, 55, 56, 57, 58, 59, 60, 61, 62, 63, 64, 65, 66, 67, 68, 69, 70, 71, 72, 73, 74, 75, 76, 77, 78, 79, 80, 81, 82, 83, 84, 85, 86, 87, 88, 89, 90, 91, 92, 93, 94, 95, 96, 97, 98, 99, 100, 101, 102, 103, 104, 213, 214, 215, 216, 109, 110, 111, 112, 105, 106, 107, 108, 169, 170, 171, 172, 161, 162, 163, 164, 165, 166, 167, 168, 201, 202, 203, 204, 197, 198, 199, 200, 181, 182, 183, 184, 173, 174, 175, 176, 193, 194, 195, 196, 177, 178, 179, 180, 185, 186, 187, 188, 189, 190, 191, 192, 221, 222, 223, 224, 217, 218, 219, 220, 25, 26, 27, 28, 29, 30, 31, 32, 249, 250, 251, 252, 21, 22, 23, 24, 225, 226, 227, 228, 209, 210, 211, 212, 205, 206, 207, 208, 45, 46, 47, 48, 41, 42, 43, 44, 37, 38, 39, 40, 33, 34, 35, 36, 141, 142, 143, 144, 113, 114, 115, 116, 129, 130, 131, 132, 137, 138, 139, 140, 117, 118, 119, 120, 121, 122, 123, 124, 125, 126, 127, 128, 133, 134, 135, 136]}}, {"model": "auth.user", "pk": 2, "fields": {"password": "pbkdf2_sha256$600000$nSskpkGgeN4hBRatBttFSQ$iybKwEG/f4uTOK3kF6h+MO339xid7tRfDI784EmP/7M=", "last_login": null, "is_superuser": false, "username": "ahmed", "first_name": "", "last_name": "", "email": "ahmed@gmail.com", "is_staff": false, "is_active": true, "date_joined": "2023-12-09T18:31:44Z", "groups": [], "user_permissions": []}}, {"model": "auth.user", "pk": 3, "fields": {"password": "", "last_login": null, "is_superuser": false, "username": "11bad014d3b46f077b777ac36cf467", "first_name": "fwefecds", "last_name": "bhethtytrgrg", "email": "abdelrahmanelsaeid5@gmail.com", "is_staff": false, "is_active": true, "date_joined": "2023-12-15T12:16:00.374Z", "groups": [], "user_permissions": []}}, {"model": "auth.user", "pk": 4, "fields": {"password": "pbkdf2_sha256$600000$hR6lgNcdtnTWA8nRhOjiSa$0oWhEygiGRyU5DFVP1exX/Gkm+v0QfyoA1Y4ziL9FQ4=", "last_login": "2023-12-25T18:26:52.790Z", "is_superuser": false, "username": "bd91ad1feb8cce912c77c70922fcfc", "first_name": "ali", "last_name": "ahmed", "email": "developerabdelrahman5@gmail.com", "is_staff": false, "is_active": true, "date_joined": "2023-12-25T18:23:52.965Z", "groups": [], "user_permissions": []}}, {"model": "contenttypes.contenttype", "pk": 1, "fields": {"app_label": "admin", "model": "logentry"}}, {"model": "contenttypes.contenttype", "pk": 2, "fields": {"app_label": "auth", "model": "permission"}}, {"model": "contenttypes.contenttype", "pk": 3, "fields": {"app_label": "auth", "model": "group"}}, {"model": "contenttypes.contenttype", "pk": 4, "fields": {"app_label": "auth", "model": "user"}}, {"model": "contenttypes.contenttype", "pk": 5, "fields": {"app_label": "contenttypes", "model": "contenttype"}}, {"model": "contenttypes.contenttype", "pk": 6, "fields": {"app_label": "sessions", "model": "session"}}, {"model": "contenttypes.contenttype", "pk": 7, "fields": {"app_label": "reversion", "model": "revision"}}, {"model": "contenttypes.contenttype", "pk": 8, "fields": {"app_label": "reversion", "model": "version"}}, {"model": "contenttypes.contenttype", "pk": 9, "fields": {"app_label": "users", "model": "usersettings"}}, {"model": "contenttypes.contenttype", "pk": 10, "fields": {"app_label": "users", "model": "userprofile"}}, {"model": "contenttypes.contenttype", "pk": 11, "fields": {"app_label": "users", "model": "loginhistory"}}, {"model": "contenttypes.contenttype", "pk": 12, "fields": {"app_label": "users", "model": "invitation"}}, {"model": "contenttypes.contenttype", "pk": 13, "fields": {"app_label": "core", "model": "advancedsettings"}}, {"model": "contenttypes.contenttype", "pk": 14, "fields": {"app_label": "core", "model": "comment"}}, {"model": "contenttypes.contenttype", "pk": 15, "fields": {"app_label": "core", "model": "ethicscommission"}}, {"model": "contenttypes.contenttype", "pk": 16, "fields": {"app_label": "core", "model": "foreignparticipatingcenter"}}, {"model": "contenttypes.contenttype", "pk": 17, "fields": {"app_label": "core", "model": "investigator"}}, {"model": "contenttypes.contenttype", "pk": 18, "fields": {"app_label": "core", "model": "investigatoremployee"}}, {"model": "contenttypes.contenttype", "pk": 19, "fields": {"app_label": "core", "model": "measure"}}, {"model": "contenttypes.contenttype", "pk": 20, "fields": {"app_label": "core", "model": "medicalcategory"}}, {"model": "contenttypes.contenttype", "pk": 21, "fields": {"app_label": "core", "model": "mysubmission"}}, {"model": "contenttypes.contenttype", "pk": 22, "fields": {"app_label": "core", "model": "nontesteduseddrug"}}, {"model": "contenttypes.contenttype", "pk": 23, "fields": {"app_label": "core", "model": "participatingcenternonsubject"}}, {"model": "contenttypes.contenttype", "pk": 24, "fields": {"app_label": "core", "model": "submission"}}, {"model": "contenttypes.contenttype", "pk": 25, "fields": {"app_label": "core", "model": "submissionform"}}, {"model": "contenttypes.contenttype", "pk": 26, "fields": {"app_label": "core", "model": "temporaryauthorization"}}, {"model": "contenttypes.contenttype", "pk": 27, "fields": {"app_label": "documents", "model": "documenttype"}}, {"model": "contenttypes.contenttype", "pk": 28, "fields": {"app_label": "documents", "model": "document"}}, {"model": "contenttypes.contenttype", "pk": 29, "fields": {"app_label": "workflow", "model": "edge"}}, {"model": "contenttypes.contenttype", "pk": 30, "fields": {"app_label": "workflow", "model": "node"}}, {"model": "contenttypes.contenttype", "pk": 31, "fields": {"app_label": "workflow", "model": "nodetype"}}, {"model": "contenttypes.contenttype", "pk": 32, "fields": {"app_label": "workflow", "model": "token"}}, {"model": "contenttypes.contenttype", "pk": 33, "fields": {"app_label": "workflow", "model": "graph"}}, {"model": "contenttypes.contenttype", "pk": 34, "fields": {"app_label": "workflow", "model": "workflow"}}, {"model": "contenttypes.contenttype", "pk": 35, "fields": {"app_label": "workflow", "model": "guard"}}, {"model": "contenttypes.contenttype", "pk": 36, "fields": {"app_label": "votes", "model": "vote"}}, {"model": "contenttypes.contenttype", "pk": 37, "fields": {"app_label": "checklists", "model": "checklist"}}, {"model": "contenttypes.contenttype", "pk": 38, "fields": {"app_label": "checklists", "model": "checklistblueprint"}}, {"model": "contenttypes.contenttype", "pk": 39, "fields": {"app_label": "checklists", "model": "checklistquestion"}}, {"model": "contenttypes.contenttype", "pk": 40, "fields": {"app_label": "checklists", "model": "checklistanswer"}}, {"model": "contenttypes.contenttype", "pk": 41, "fields": {"app_label": "meetings", "model": "meeting"}}, {"model": "contenttypes.contenttype", "pk": 42, "fields": {"app_label": "meetings", "model": "timetableentry"}}, {"model": "contenttypes.contenttype", "pk": 43, "fields": {"app_label": "meetings", "model": "assignedmedicalcategory"}}, {"model": "contenttypes.contenttype", "pk": 44, "fields": {"app_label": "notifications", "model": "notification"}}, {"model": "contenttypes.contenttype", "pk": 45, "fields": {"app_label": "notifications", "model": "notificationtype"}}, {"model": "contenttypes.contenttype", "pk": 46, "fields": {"app_label": "notifications", "model": "completionreportnotification"}}, {"model": "contenttypes.contenttype", "pk": 47, "fields": {"app_label": "notifications", "model": "progressreportnotification"}}, {"model": "contenttypes.contenttype", "pk": 48, "fields": {"app_label": "notifications", "model": "safetynotification"}}, {"model": "contenttypes.contenttype", "pk": 49, "fields": {"app_label": "notifications", "model": "notificationanswer"}}, {"model": "contenttypes.contenttype", "pk": 50, "fields": {"app_label": "notifications", "model": "centerclosenotification"}}, {"model": "contenttypes.contenttype", "pk": 51, "fields": {"app_label": "notifications", "model": "amendmentnotification"}}, {"model": "contenttypes.contenttype", "pk": 52, "fields": {"app_label": "tasksv", "model": "tasktype"}}, {"model": "contenttypes.contenttype", "pk": 53, "fields": {"app_label": "tasksv", "model": "task"}}, {"model": "contenttypes.contenttype", "pk": 54, "fields": {"app_label": "docstash", "model": "docstash"}}, {"model": "contenttypes.contenttype", "pk": 55, "fields": {"app_label": "pki", "model": "certificateauthority"}}, {"model": "contenttypes.contenttype", "pk": 56, "fields": {"app_label": "pki", "model": "certificate"}}, {"model": "contenttypes.contenttype", "pk": 57, "fields": {"app_label": "tags", "model": "tag"}}, {"model": "contenttypes.contenttype", "pk": 58, "fields": {"app_label": "billing", "model": "checklistbillingstate"}}, {"model": "contenttypes.contenttype", "pk": 59, "fields": {"app_label": "billing", "model": "checklistpayment"}}, {"model": "contenttypes.contenttype", "pk": 60, "fields": {"app_label": "billing", "model": "invoice"}}, {"model": "contenttypes.contenttype", "pk": 61, "fields": {"app_label": "billing", "model": "price"}}, {"model": "contenttypes.contenttype", "pk": 62, "fields": {"app_label": "boilerplate", "model": "text"}}, {"model": "contenttypes.contenttype", "pk": 63, "fields": {"app_label": "scratchpad", "model": "scratchpad"}}, {"model": "contenttypes.contenttype", "pk": 64, "fields": {"app_label": "communication", "model": "thread"}}, {"model": "contenttypes.contenttype", "pk": 65, "fields": {"app_label": "communication", "model": "message"}}, {"model": "contenttypes.contenttype", "pk": 66, "fields": {"app_label": "meetings", "model": "participation"}}, {"model": "contenttypes.contenttype", "pk": 67, "fields": {"app_label": "meetings", "model": "constraint"}}, {"model": "contenttypes.contenttype", "pk": 68, "fields": {"app_label": "documents", "model": "downloadhistory"}}, {"model": "contenttypes.contenttype", "pk": 69, "fields": {"app_label": "sites", "model": "site"}}, {"model": "sessions.session", "pk": "eqybo4x75dm8yvbmekpntb608fiwhmz0", "fields": {"session_data": ".eJxVjEEOgjAQRe_StWmYUhjq0r1naGaYwaKmTSisjHdXEha6_e-9_zKRtjXFreoSZzFnA-b0uzGND807kDvlW7Fjyesys90Ve9Bqr0X0eTncv4NENX3rTjo_ecKBaeh6EHbUshMEbifkELBR6HkKINqQcwi9Dt4rqsNWxKN5fwDoZjfY:1r97PB:l_CpS04nhf6omSQlMedcmIffr-XpDgJwXd-tueSjUgg", "expire_date": "2023-12-15T17:34:21.350Z"}}, {"model": "sessions.session", "pk": "k69h4ligy8zhhdrtlrlc3nxa1p6mz658", "fields": {"session_data": ".eJxVjEEOgjAQRe_StWmYUhjq0r1naGaYwaKmTSisjHdXEha6_e-9_zKRtjXFreoSZzFnA-b0uzGND807kDvlW7Fjyesys90Ve9Bqr0X0eTncv4NENX3rTjo_ecKBaeh6EHbUshMEbifkELBR6HkKINqQcwi9Dt4rqsNWxKN5fwDoZjfY:1rICIS:gIHZIyNCGXwD-sptr8DcojkXFluHBfhl6PZc5idJtKM", "expire_date": "2024-01-09T18:36:56.702Z"}}, {"model": "sessions.session", "pk": "y4s6i79mcq45y2ijxfel1oqjzks97r4c", "fields": {"session_data": ".eJxVjEEOgjAQRe_StWmYUhjq0r1naGaYwaKmTSisjHdXEha6_e-9_zKRtjXFreoSZzFnA-b0uzGND807kDvlW7Fjyesys90Ve9Bqr0X0eTncv4NENX3rTjo_ecKBaeh6EHbUshMEbifkELBR6HkKINqQcwi9Dt4rqsNWxKN5fwDoZjfY:1rEa4V:VtzzRFw6gaybdwg5rQLpv6EL3Xfvp6e4rVvJzqbh-hA", "expire_date": "2023-12-30T19:11:35.231Z"}}, {"model": "sites.site", "pk": 1, "fields": {"domain": "example.com", "name": "example.com"}}, {"model": "communication.thread", "pk": 1, "fields": {"subject": "tread-test", "submission": 1, "sender": 1, "receiver": 1, "timestamp": "2023-12-04T20:51:02.405Z", "last_message": 7, "related_thread": 1, "starred_by_sender": true, "starred_by_receiver": true}}, {"model": "communication.thread", "pk": 2, "fields": {"subject": "tread-two", "submission": 1, "sender": 1, "receiver": 1, "timestamp": "2023-12-04T20:51:21.552Z", "last_message": 1, "related_thread": 1, "starred_by_sender": true, "starred_by_receiver": true}}, {"model": "communication.message", "pk": 1, "fields": {"uuid": "3617f935-865f-4020-84c4-469c9ae9b374", "thread": 2, "sender": 1, "receiver": 1, "reply_receiver": 1, "timestamp": "2023-12-04T20:53:18.602Z", "unread": false, "text": "crefregrfefwrefwrefrefrwef", "rawmsg": "werferferferferferf", "outgoing_msgid": "refrefre", "incoming_msgid": "freferfre", "smtp_delivery_state": "new", "in_reply_to": null, "creator": "human"}}, {"model": "communication.message", "pk": 2, "fields": {"uuid": "81a8cf6a-3106-4f46-84a1-e9623ae003b1", "thread": 1, "sender": 1, "receiver": 1, "reply_receiver": 1, "timestamp": "2023-12-04T20:53:41.642Z", "unread": false, "text": "frefrerefref", "rawmsg": "referfrefref", "outgoing_msgid": "referf", "incoming_msgid": "wdwed", "smtp_delivery_state": "new", "in_reply_to": 1, "creator": "auto-custom"}}, {"model": "communication.message", "pk": 3, "fields": {"uuid": "0a53fc8b-d37d-49eb-afcd-0025f8614d5a", "thread": 1, "sender": 1, "receiver": 1, "reply_receiver": null, "timestamp": "2023-12-16T14:01:32.350Z", "unread": false, "text": "rf7fh9jwefow", "rawmsg": null, "outgoing_msgid": null, "incoming_msgid": null, "smtp_delivery_state": "new", "in_reply_to": null, "creator": "human"}}, {"model": "communication.message", "pk": 4, "fields": {"uuid": "19b99213-16ab-4a98-ab29-8c5e7897d283", "thread": 1, "sender": 1, "receiver": 1, "reply_receiver": null, "timestamp": "2023-12-16T14:01:41.773Z", "unread": false, "text": "lkkkkkkk", "rawmsg": null, "outgoing_msgid": null, "incoming_msgid": null, "smtp_delivery_state": "new", "in_reply_to": null, "creator": "human"}}, {"model": "communication.message", "pk": 5, "fields": {"uuid": "03a24e39-f66b-4cc9-b491-33427e8c72aa", "thread": 1, "sender": 1, "receiver": 1, "reply_receiver": null, "timestamp": "2023-12-16T14:02:52.309Z", "unread": false, "text": "lkkkkkkk", "rawmsg": null, "outgoing_msgid": null, "incoming_msgid": null, "smtp_delivery_state": "new", "in_reply_to": null, "creator": "human"}}, {"model": "communication.message", "pk": 6, "fields": {"uuid": "4dc01b05-6377-4c85-a53e-c7803809acae", "thread": 1, "sender": 1, "receiver": 1, "reply_receiver": null, "timestamp": "2023-12-16T14:02:56.907Z", "unread": false, "text": "lkkkkkkk", "rawmsg": null, "outgoing_msgid": null, "incoming_msgid": null, "smtp_delivery_state": "new", "in_reply_to": null, "creator": "human"}}, {"model": "communication.message", "pk": 7, "fields": {"uuid": "e9b088d4-1db2-4cc6-894e-4ecc5eecdfc5", "thread": 1, "sender": 1, "receiver": 1, "reply_receiver": null, "timestamp": "2023-12-16T14:02:59.028Z", "unread": false, "text": "lkkkkkkk", "rawmsg": null, "outgoing_msgid": null, "incoming_msgid": null, "smtp_delivery_state": "new", "in_reply_to": null, "creator": "human"}}, {"model": "users.userprofile", "pk": 9, "fields": {"user": 1, "last_password_change": "2023-12-01T17:30:41.742Z", "is_phantom": false, "is_indisposed": false, "communication_proxy": 1, "is_board_member": true, "is_resident_member": true, "is_omniscient_member": true, "is_executive": true, "is_internal": true, "can_have_tasks": true, "can_have_open_tasks": true, "is_testuser": true, "session_key": "k69h4ligy8zhhdrtlrlc3nxa1p6mz658", "gender": "m", "title": "abdo", "organisation": "weknworfml", "jobtitle": "test", "swift_bic": "test", "iban": "testtest", "address1": "refregrtgf", "address2": "ytnhrfwree", "zip_code": "13331", "city": "grtgrgrt", "phone": "54344524", "fax": "34435", "signing_connector": "onlinebku", "forward_messages_after_minutes": 0, "task_uids": "[\"kjnk\"]"}}, {"model": "users.userprofile", "pk": 10, "fields": {"user": 2, "last_password_change": "2023-12-09T18:31:45.421Z", "is_phantom": true, "is_indisposed": true, "communication_proxy": 2, "is_board_member": true, "is_resident_member": true, "is_omniscient_member": true, "is_executive": true, "is_internal": true, "can_have_tasks": true, "can_have_open_tasks": true, "is_testuser": true, "session_key": "yjyhdtdrtgrtg", "gender": "m", "title": "", "organisation": "", "jobtitle": "", "swift_bic": "", "iban": "", "address1": "", "address2": "", "zip_code": "", "city": "", "phone": "", "fax": "", "signing_connector": "onlinebku", "forward_messages_after_minutes": 1, "task_uids": "[\"yjyujy\"]"}}, {"model": "users.userprofile", "pk": 11, "fields": {"user": 3, "last_password_change": "2023-12-15T12:16:00.376Z", "is_phantom": false, "is_indisposed": false, "communication_proxy": null, "is_board_member": false, "is_resident_member": false, "is_omniscient_member": false, "is_executive": false, "is_internal": false, "can_have_tasks": false, "can_have_open_tasks": false, "is_testuser": false, "session_key": null, "gender": "", "title": "", "organisation": "", "jobtitle": "", "swift_bic": "", "iban": "", "address1": "", "address2": "", "zip_code": "", "city": "", "phone": "", "fax": "", "signing_connector": "onlinebku", "forward_messages_after_minutes": 0, "task_uids": "[]"}}, {"model": "users.userprofile", "pk": 12, "fields": {"user": 4, "last_password_change": "2023-12-25T18:23:52.972Z", "is_phantom": false, "is_indisposed": false, "communication_proxy": null, "is_board_member": false, "is_resident_member": false, "is_omniscient_member": false, "is_executive": false, "is_internal": false, "can_have_tasks": false, "can_have_open_tasks": false, "is_testuser": false, "session_key": "8prvrrhn64uyfnw3jk3nyq2ypphi2mcx", "gender": "m", "title": "", "organisation": "", "jobtitle": "", "swift_bic": "", "iban": "", "address1": "", "address2": "", "zip_code": "", "city": "", "phone": "", "fax": "", "signing_connector": "onlinebku", "forward_messages_after_minutes": 5, "task_uids": "[]"}}, {"model": "users.usersettings", "pk": 9, "fields": {"user": 1, "submission_filter_search": null, "submission_filter_all": {"b2": true, "b3": true, "amg": true, "mpg": true, "mine": true, "page": "1", "tags": [2], "board": true, "other": true, "thesis": true, "assigned": true, "local_ec": true, "no_votes": true, "expedited": true, "no_meeting": true, "other_votes": true, "next_meeting": true, "other_studies": true, "past_meetings": true, "not_categorized": true, "upcoming_meetings": true}, "submission_filter_widget": null, "submission_filter_widget_internal": null, "submission_filter_mine": {"page": "1"}, "submission_filter_assigned": {"b2": true, "b3": true, "amg": true, "mpg": true, "page": "1", "board": true, "other": true, "thesis": true, "local_ec": true, "no_votes": true, "expedited": true, "no_meeting": true, "other_votes": true, "next_meeting": true, "past_meetings": true, "not_categorized": true, "upcoming_meetings": true}, "task_filter": "csrfmiddlewaretoken=9l5mq9zHLQd1VJ94JJqmckCxWpNDt9WsDRuqqVGuMivEeKw6VesvTlkh2GYRNPDA", "useradministration_filter": {"page": "1", "groups": [], "keyword": "", "activity": "active", "task_types": [], "medical_categories": []}}}, {"model": "users.usersettings", "pk": 10, "fields": {"user": 2, "submission_filter_search": null, "submission_filter_all": null, "submission_filter_widget": null, "submission_filter_widget_internal": null, "submission_filter_mine": null, "submission_filter_assigned": null, "task_filter": null, "useradministration_filter": null}}, {"model": "users.usersettings", "pk": 11, "fields": {"user": 3, "submission_filter_search": null, "submission_filter_all": null, "submission_filter_widget": null, "submission_filter_widget_internal": null, "submission_filter_mine": null, "submission_filter_assigned": null, "task_filter": null, "useradministration_filter": null}}, {"model": "users.usersettings", "pk": 12, "fields": {"user": 4, "submission_filter_search": null, "submission_filter_all": null, "submission_filter_widget": null, "submission_filter_widget_internal": null, "submission_filter_mine": null, "submission_filter_assigned": {"b2": true, "b3": true, "amg": true, "mpg": true, "page": "1", "board": true, "other": true, "thesis": true, "local_ec": true, "no_votes": true, "expedited": true, "no_meeting": true, "other_votes": true, "next_meeting": true, "past_meetings": true, "not_categorized": true, "upcoming_meetings": true}, "task_filter": null, "useradministration_filter": null}}, {"model": "users.loginhistory", "pk": 1, "fields": {"type": "login", "timestamp": "2023-12-11T20:44:32.106Z", "user": 1, "ip": "127.0.0.1"}}, {"model": "users.loginhistory", "pk": 2, "fields": {"type": "login", "timestamp": "2023-12-11T20:46:56.041Z", "user": 1, "ip": "127.0.0.1"}}, {"model": "users.loginhistory", "pk": 3, "fields": {"type": "login", "timestamp": "2023-12-11T20:46:58.541Z", "user": 1, "ip": "127.0.0.1"}}, {"model": "users.loginhistory", "pk": 4, "fields": {"type": "login", "timestamp": "2023-12-11T20:49:51.051Z", "user": 1, "ip": "127.0.0.1"}}, {"model": "users.loginhistory", "pk": 5, "fields": {"type": "login", "timestamp": "2023-12-11T20:52:37.016Z", "user": 1, "ip": "127.0.0.1"}}, {"model": "users.loginhistory", "pk": 6, "fields": {"type": "login", "timestamp": "2023-12-11T20:52:39.245Z", "user": 1, "ip": "127.0.0.1"}}, {"model": "users.loginhistory", "pk": 7, "fields": {"type": "login", "timestamp": "2023-12-11T20:54:25.466Z", "user": 1, "ip": "127.0.0.1"}}, {"model": "users.loginhistory", "pk": 8, "fields": {"type": "login", "timestamp": "2023-12-11T20:54:34.643Z", "user": 1, "ip": "127.0.0.1"}}, {"model": "users.loginhistory", "pk": 9, "fields": {"type": "login", "timestamp": "2023-12-11T20:54:38.275Z", "user": 1, "ip": "127.0.0.1"}}, {"model": "users.loginhistory", "pk": 10, "fields": {"type": "login", "timestamp": "2023-12-11T20:54:55.337Z", "user": 1, "ip": "127.0.0.1"}}, {"model": "users.loginhistory", "pk": 11, "fields": {"type": "login", "timestamp": "2023-12-11T21:35:29.895Z", "user": 1, "ip": "127.0.0.1"}}, {"model": "users.loginhistory", "pk": 12, "fields": {"type": "login", "timestamp": "2023-12-15T12:38:48.244Z", "user": 1, "ip": "127.0.0.1"}}, {"model": "users.loginhistory", "pk": 13, "fields": {"type": "login", "timestamp": "2023-12-16T19:11:35.222Z", "user": 1, "ip": "127.0.0.1"}}, {"model": "users.loginhistory", "pk": 14, "fields": {"type": "login", "timestamp": "2023-12-16T19:56:18.708Z", "user": 1, "ip": "127.0.0.1"}}, {"model": "users.loginhistory", "pk": 15, "fields": {"type": "login", "timestamp": "2023-12-25T09:23:21.319Z", "user": 1, "ip": "127.0.0.1"}}, {"model": "users.loginhistory", "pk": 16, "fields": {"type": "login", "timestamp": "2023-12-25T09:23:32.460Z", "user": 1, "ip": "127.0.0.1"}}, {"model": "users.loginhistory", "pk": 17, "fields": {"type": "login", "timestamp": "2023-12-25T09:27:43.099Z", "user": 1, "ip": "127.0.0.1"}}, {"model": "users.loginhistory", "pk": 18, "fields": {"type": "login", "timestamp": "2023-12-25T09:27:44.492Z", "user": 1, "ip": "127.0.0.1"}}, {"model": "users.loginhistory", "pk": 19, "fields": {"type": "login", "timestamp": "2023-12-25T09:27:45.652Z", "user": 1, "ip": "127.0.0.1"}}, {"model": "users.loginhistory", "pk": 20, "fields": {"type": "login", "timestamp": "2023-12-25T09:28:13.490Z", "user": 1, "ip": "127.0.0.1"}}, {"model": "users.loginhistory", "pk": 21, "fields": {"type": "login", "timestamp": "2023-12-25T13:05:59.805Z", "user": 1, "ip": "127.0.0.1"}}, {"model": "users.loginhistory", "pk": 22, "fields": {"type": "login", "timestamp": "2023-12-25T13:06:30.523Z", "user": 1, "ip": "127.0.0.1"}}, {"model": "users.loginhistory", "pk": 23, "fields": {"type": "login", "timestamp": "2023-12-25T13:11:08.723Z", "user": 1, "ip": "127.0.0.1"}}, {"model": "users.loginhistory", "pk": 24, "fields": {"type": "login", "timestamp": "2023-12-25T18:11:19.093Z", "user": 1, "ip": "127.0.0.1"}}, {"model": "users.loginhistory", "pk": 25, "fields": {"type": "login", "timestamp": "2023-12-25T18:11:36.493Z", "user": 1, "ip": "127.0.0.1"}}, {"model": "users.loginhistory", "pk": 26, "fields": {"type": "login", "timestamp": "2023-12-25T18:11:39.381Z", "user": 1, "ip": "127.0.0.1"}}, {"model": "users.loginhistory", "pk": 27, "fields": {"type": "login", "timestamp": "2023-12-25T18:26:52.793Z", "user": 4, "ip": "127.0.0.1"}}, {"model": "users.loginhistory", "pk": 30, "fields": {"type": "login", "timestamp": "2023-12-25T18:37:03.703Z", "user": 1, "ip": "127.0.0.1"}}, {"model": "users.loginhistory", "pk": 31, "fields": {"type": "logout", "timestamp": "2023-12-25T18:37:09.511Z", "user": 1, "ip": "127.0.0.1"}}, {"model": "users.loginhistory", "pk": 34, "fields": {"type": "login", "timestamp": "2023-12-25T18:43:34.075Z", "user": 1, "ip": "127.0.0.1"}}, {"model": "users.loginhistory", "pk": 35, "fields": {"type": "logout", "timestamp": "2023-12-25T18:43:38.317Z", "user": 1, "ip": "127.0.0.1"}}, {"model": "users.loginhistory", "pk": 36, "fields": {"type": "login", "timestamp": "2023-12-26T18:36:56.694Z", "user": 1, "ip": "127.0.0.1"}}, {"model": "core.ethicscommission", "pk": 1, "fields": {"uuid": "2a74e20a-6d45-4558-845a-21f9d0cf29e8", "name": "rfrefref", "vote_receiver": null}}, {"model": "core.ethicscommission", "pk": 2, "fields": {"uuid": "1c6a411b-782c-4879-97de-9c46ac3de655", "name": "abdo", "vote_receiver": "abdo@gmail.com"}}, {"model": "core.medicalcategory", "pk": 1, "fields": {"name": "rfref", "abbrev": "ferfre", "users": [1]}}, {"model": "core.advancedsettings", "pk": 1, "fields": {"default_contact": 1, "display_notifications_in_protocol": true, "display_biased_in_amendment_answer_pdf": true, "require_internal_vote_review": true, "logo": null, "logo_mimetype": "ewdwd", "print_logo": null, "print_logo_mimetype": "ewdwed", "vote1_extra": "edewdwedwedewd", "vote2_extra": "wedwedwedwedewd", "vote3a_extra": "wedwedwedwede", "vote3b_extra": "rfredwedewdwedewd", "vote4_extra": "ewdrefwdwdewfewdwe", "vote5_extra": "dwdefrfwedewdwede", "vote_pdf_extra": "wdwedrf43wedwd", "address": "wedfr34dwedwwedwe", "meeting_address": "dwedwefrf34f34", "contact_email": "abdo@gmail.com", "contact_url": "http://127.0.0.1:8000/dashboard/", "member_list_url": "http://127.0.0.1:8000/dashboard/", "signature_block": "frefrefrefre"}}, {"model": "core.submission", "pk": 1, "fields": {"ec_number": 1, "workflow_lane": 2, "remission": true, "invite_primary_investigator_to_meeting": true, "is_transient": true, "is_finished": true, "is_expired": true, "presenter": 1, "susar_presenter": 1, "current_submission_form": null, "current_published_vote": null, "current_pending_vote": null, "medical_categories": [1], "biased_board_members": []}}, {"model": "core.submission", "pk": 2, "fields": {"ec_number": 2, "workflow_lane": 1, "remission": true, "invite_primary_investigator_to_meeting": true, "is_transient": true, "is_finished": false, "is_expired": false, "presenter": 1, "susar_presenter": 1, "current_submission_form": 1, "current_published_vote": null, "current_pending_vote": null, "medical_categories": [], "biased_board_members": []}}, {"model": "core.submission", "pk": 3, "fields": {"ec_number": 3, "workflow_lane": 1, "remission": true, "invite_primary_investigator_to_meeting": true, "is_transient": true, "is_finished": false, "is_expired": false, "presenter": 1, "susar_presenter": 1, "current_submission_form": null, "current_published_vote": 1, "current_pending_vote": 1, "medical_categories": [1], "biased_board_members": [1, 2, 3]}}, {"model": "core.mysubmission", "pk": 1, "fields": {"user_id": 1, "submission_id": 1}}, {"model": "core.submissionform", "pk": 1, "fields": {"submission": 2, "pdf_document": 2, "is_notification_update": true, "is_transient": true, "is_acknowledged": true, "project_title": "good", "eudract_number": null, "submission_type": 1, "presenter": 1, "created_at": "2023-12-10T18:46:59.899Z", "primary_investigator": 1, "sponsor": 1, "sponsor_name": "good", "sponsor_address": "good", "sponsor_zip_code": "434432", "sponsor_city": "good", "sponsor_phone": "76549286", "sponsor_fax": null, "sponsor_email": "abdo@gmail.com", "sponsor_uid": null, "invoice_name": null, "invoice_address": null, "invoice_zip_code": null, "invoice_city": null, "invoice_phone": null, "invoice_fax": null, "invoice_email": null, "invoice_uid": null, "project_type_non_reg_drug": true, "project_type_reg_drug": false, "project_type_reg_drug_within_indication": false, "project_type_reg_drug_not_within_indication": false, "project_type_medical_method": false, "project_type_medical_device": false, "project_type_medical_device_with_ce": false, "project_type_medical_device_without_ce": false, "project_type_medical_device_performance_evaluation": false, "project_type_basic_research": false, "project_type_genetic_study": false, "project_type_register": false, "project_type_biobank": false, "project_type_retrospective": false, "project_type_questionnaire": false, "project_type_education_context": null, "project_type_misc": "", "project_type_psychological_study": false, "project_type_nursing_study": false, "project_type_non_interventional_study": false, "project_type_gender_medicine": false, "specialism": "goodgoodgoodgoodgoodgoodgoodgood", "pharma_checked_substance": "", "pharma_reference_substance": "", "medtech_checked_product": "", "medtech_reference_substance": "", "clinical_phase": null, "already_voted": false, "subject_count": 1, "subject_minage": null, "subject_maxage": null, "subject_noncompetents": false, "subject_males": false, "subject_females": false, "subject_childbearing": false, "subject_duration": "1:30:00", "subject_duration_active": "1:30:00", "subject_duration_controls": null, "subject_planned_total_duration": "1:30:00", "substance_registered_in_countries": "[\"US\"]", "substance_preexisting_clinical_tries": false, "substance_p_c_t_countries": "[\"US\"]", "substance_p_c_t_phase": null, "substance_p_c_t_period": "", "substance_p_c_t_application_type": null, "substance_p_c_t_gcp_rules": null, "substance_p_c_t_final_report": null, "medtech_product_name": null, "medtech_manufacturer": null, "medtech_certified_for_exact_indications": null, "medtech_certified_for_other_indications": null, "medtech_ce_symbol": null, "medtech_manual_included": null, "medtech_technical_safety_regulations": "", "medtech_departure_from_regulations": "", "insurance_not_required": false, "insurance_name": null, "insurance_address": null, "insurance_phone": null, "insurance_contract_number": null, "insurance_validity": null, "additional_therapy_info": "", "german_project_title": "good", "german_summary": "goood", "german_preclinical_results": "goood", "german_primary_hypothesis": "goood", "german_inclusion_exclusion_crit": "k2jrfnrkjnkd", "german_ethical_info": "3jebdjk3d2", "german_protected_subjects_info": "", "german_recruitment_info": "3ejbdk3jbdkj3rd", "german_consent_info": "3jbdkr4jbfj4rf", "german_risks_info": "rfdr4f4rft4f", "german_benefits_info": "krj4fbf4rrrrrrrrrrrrrrrrrrrrrrrrrrrrrrrrjbbbbbbbbbbbbbbbbb", "german_relationship_info": "krj4fbf4rrrrrrrrrrrrrrrrrrrrrrrrrrrrrrrrjbbbbbbbbbbbbbbbbb", "german_concurrent_study_info": "krj4fbf4rrrrrrrrrrrrrrrrrrrrrrrrrrrrrrrrjbbbbbbbbbbbbbbbbb", "german_sideeffects_info": "krj4fbf4rrrrrrrrrrrrrrrrrrrrrrrrrrrrrrrrjbbbbbbbbbbbbbbbbb", "german_statistical_info": "", "german_dataprotection_info": "", "german_aftercare_info": "krj4fbf4rrrrrrrrrrrrrrrrrrrrrrrrrrrrrrrrjbbbbbbbbbbbbbbbbb", "german_payment_info": "krj4fbf4rrrrrrrrrrrrrrrrrrrrrrrrrrrrrrrrjbbbbbbbbbbbbbbbbb", "german_abort_info": "krj4fbf4rrrrrrrrrrrrrrrrrrrrrrrrrrrrrrrrjbbbbbbbbbbbbbbbbb", "german_dataaccess_info": "", "german_financing_info": "", "german_additional_info": "", "study_plan_blind": 1, "study_plan_observer_blinded": false, "study_plan_randomized": false, "study_plan_parallelgroups": false, "study_plan_controlled": false, "study_plan_cross_over": false, "study_plan_placebo": false, "study_plan_factorized": false, "study_plan_pilot_project": false, "study_plan_equivalence_testing": false, "study_plan_misc": "", "study_plan_number_of_groups": "", "study_plan_stratification": "", "study_plan_sample_frequency": "", "study_plan_primary_objectives": "", "study_plan_null_hypothesis": "", "study_plan_alternative_hypothesis": "", "study_plan_secondary_objectives": "", "study_plan_alpha": "krj4fbf4rrrrrrrrrrrrrrrrrrrrrrrrrrrrrrrrjbbbbbbbbbbbbbbbbb", "study_plan_alpha_sided": null, "study_plan_power": "tyhtyhtrh", "study_plan_statalgorithm": "tyhrhtr", "study_plan_multiple_test": false, "study_plan_multiple_test_correction_algorithm": null, "study_plan_dropout_ratio": "hthrhtr", "study_plan_population_intention_to_treat": false, "study_plan_population_per_protocol": false, "study_plan_interim_evaluation": false, "study_plan_abort_crit": null, "study_plan_planned_statalgorithm": "", "study_plan_dataquality_checking": "krj4fbf4rrrrrrrrrrrrrrrrrrrrrrrrrrrrrrrrjbbbbbbbbbbbbbbbbb", "study_plan_datamanagement": "krj4fbf4rrrrrrrrrrrrrrrrrrrrrrrrrrrrrrrrjbbbbbbbbbbbbbbbbb", "study_plan_biometric_planning": "tyhtrht", "study_plan_statistics_implementation": "rthtyhythyth", "study_plan_dataprotection_choice": "non-personal", "study_plan_dataprotection_reason": null, "study_plan_dataprotection_dvr": null, "study_plan_dataprotection_anonalgoritm": "", "submitter": 1, "submitter_email": "abdo@gmail.com", "submitter_organisation": "eerfw", "submitter_jobtitle": "freferwfre", "submitter_is_coordinator": false, "submitter_is_main_investigator": false, "submitter_is_sponsor": false, "submitter_is_authorized_by_sponsor": false, "sponsor_contact_gender": "m", "sponsor_contact_title": "", "sponsor_contact_first_name": "krj4fbf4rrrrrrrrrrrrrrrrrrrrrr", "sponsor_contact_last_name": "krj4fbf4rrrrrrrrrrrrrrrrrrrrrr", "invoice_contact_gender": null, "invoice_contact_title": "", "invoice_contact_first_name": "", "invoice_contact_last_name": "", "submitter_contact_gender": "m", "submitter_contact_title": "", "submitter_contact_first_name": "krj4fbf4rrrrrrrrrrrrrrrrrrrrrr", "submitter_contact_last_name": "krj4fbf4rrrrrrrrrrrrrrrrrrrrrr", "documents": [1, 2]}}, {"model": "core.investigator", "pk": 1, "fields": {"submission_form": 1, "ethics_commission": 1, "main": true, "user": 1, "organisation": "gtwgrwfref", "phone": "235643", "mobile": "324235543", "fax": "43545", "email": "abdo@gmail.com", "jus_practicandi": true, "specialist": "efewedewd", "certified": true, "subject_count": 2, "contact_gender": "m", "contact_title": "ewferfwed", "contact_first_name": "wedwed", "contact_last_name": "tegtre"}}, {"model": "documents.documenttype", "pk": 1, "fields": {"name": "erfref", "identifier": "rfref", "is_hidden": false, "is_downloadable": true}}, {"model": "documents.document", "pk": 1, "fields": {"uuid": "90f7820a-7caf-47d0-91ed-e43b7d2ac0dc", "original_file_name": "edewdwe", "mimetype": "application/pdf", "stamp_on_download": true, "name": "edwed", "doctype": 1, "version": "ewdwed", "date": "2023-12-01T17:35:52Z", "replaces_document": null, "content_type": 3, "object_id": 1}}, {"model": "documents.document", "pk": 2, "fields": {"uuid": "a8dc6a45-e0df-4796-aed1-715183e186a0", "original_file_name": "refer", "mimetype": "application/pdf", "stamp_on_download": true, "name": "rfrefre", "doctype": 1, "version": "refrefref", "date": "2023-12-01T17:35:34Z", "replaces_document": 1, "content_type": 4, "object_id": 1}}, {"model": "documents.document", "pk": 3, "fields": {"uuid": "94e09408-3604-4104-9940-0693019bb049", "original_file_name": null, "mimetype": "application/pdf", "stamp_on_download": true, "name": "refrefre", "doctype": 1, "version": "refref", "date": "2023-12-01T17:35:24Z", "replaces_document": 2, "content_type": 9, "object_id": 2}}, {"model": "documents.downloadhistory", "pk": 1, "fields": {"document": 2, "user": 1, "downloaded_at": "2023-12-19T19:37:35.345Z", "uuid": "bacfb215-7c78-495a-a1e0-2093fbb914c8", "context": "download"}}, {"model": "documents.downloadhistory", "pk": 2, "fields": {"document": 2, "user": 1, "downloaded_at": "2023-12-24T20:44:04.418Z", "uuid": "5a5de518-06eb-447d-ae12-a39fa5ff5db4", "context": "download"}}, {"model": "documents.downloadhistory", "pk": 3, "fields": {"document": 2, "user": 1, "downloaded_at": "2023-12-28T19:24:47.680Z", "uuid": "0686ff2c-d307-4699-b2ce-6a9e0497a49e", "context": "download"}}, {"model": "workflow.nodetype", "pk": 1, "fields": {"name": "graph-test", "description": "kwednwklfmelkfmkmdewd", "category": 1, "content_type": 16, "implementation": "edferferfer", "data_type": 17}}, {"model": "workflow.nodetype", "pk": 2, "fields": {"name": "nodetype-test", "description": "ekjrbfejrhwfer refer", "category": 2, "content_type": 15, "implementation": "erwferferf", "data_type": 18}}, {"model": "workflow.graph", "pk": 1, "fields": {"auto_start": true}}, {"model": "workflow.node", "pk": 1, "fields": {"name": "nodetest", "graph": 1, "node_type": 1, "data_id": 1, "data_ct": 30, "is_start_node": true, "is_end_node": true, "uid": "wefrefrerefre"}}, {"model": "workflow.node", "pk": 2, "fields": {"name": "tasktype", "graph": 1, "node_type": 2, "data_id": 2, "data_ct": 10, "is_start_node": true, "is_end_node": true, "uid": "rvgrtgfrrf"}}, {"model": "workflow.node", "pk": 3, "fields": {"name": "wwwww", "graph": 1, "node_type": 1, "data_id": 2, "data_ct": 10, "is_start_node": true, "is_end_node": false, "uid": "ertgthyhyuhygtrtf"}}, {"model": "workflow.workflow", "pk": 4, "fields": {"content_type": 2, "data_id": 1, "graph": 1, "is_finished": true, "parent": null}}, {"model": "workflow.token", "pk": 2, "fields": {"workflow": 4, "node": 2, "source": 2, "deadline": "2023-12-08T20:04:37Z", "locked": true, "repeated": true, "created_at": "2023-12-04T20:04:46.042Z", "consumed_at": "2023-12-09T20:04:43Z", "consumed_by": 1, "trail": []}}, {"model": "workflow.token", "pk": 3, "fields": {"workflow": 4, "node": 1, "source": 2, "deadline": "2023-12-06T19:52:40Z", "locked": true, "repeated": true, "created_at": "2023-12-06T19:52:47.273Z", "consumed_at": "2023-12-06T19:52:45Z", "consumed_by": 1, "trail": []}}, {"model": "workflow.token", "pk": 4, "fields": {"workflow": 4, "node": 3, "source": 3, "deadline": "2023-12-30T19:47:59Z", "locked": false, "repeated": true, "created_at": "2023-12-16T19:48:09.892Z", "consumed_at": "2023-12-16T19:48:07Z", "consumed_by": 1, "trail": []}}, {"model": "votes.vote", "pk": 1, "fields": {"submission_form": 1, "top": null, "upgrade_for": null, "result": "3a", "executive_review_required": true, "text": "dedqwswqswq", "is_draft": true, "is_final_version": true, "is_expired": false, "signed_at": "2023-12-16T12:10:05Z", "published_at": "2023-12-16T12:10:07Z", "published_by": 1, "valid_until": "2023-12-29T12:10:17Z", "changed_after_voting": true}}, {"model": "votes.vote", "pk": 2, "fields": {"submission_form": 1, "top": null, "upgrade_for": 1, "result": "1", "executive_review_required": true, "text": "fasxdwed", "is_draft": true, "is_final_version": true, "is_expired": false, "signed_at": "2023-12-16T12:12:39Z", "published_at": "2023-12-16T12:12:40Z", "published_by": 1, "valid_until": "2023-12-25T12:12:50Z", "changed_after_voting": false}}, {"model": "checklists.checklistblueprint", "pk": 1, "fields": {"name": "heloosdsaa", "slug": "heloosdsaa", "multiple": true, "reviewer_is_anonymous": true}}, {"model": "checklists.checklist", "pk": 14, "fields": {"blueprint": 1, "submission": 1, "user": 1, "status": "completed", "pdf_document": 2, "last_edited_by": 3}}, {"model": "meetings.meeting", "pk": 1, "fields": {"start": "2023-12-01T17:34:38Z", "title": "testmeet", "optimization_task_id": "rtgtrfrf", "started": "2023-12-01T17:34:46Z", "ended": "2023-12-01T17:34:48Z", "comments": "frefrefref", "deadline": "2023-12-01T17:34:51Z", "deadline_diplomathesis": "2023-12-01T17:34:54Z", "deadline_expedited_review": "2023-12-01T17:34:56Z", "agenda_sent_at": "2023-12-01T17:34:58Z", "protocol": 3, "protocol_rendering_started_at": "2023-12-01T17:36:17Z", "protocol_sent_at": "2023-12-01T17:36:19Z", "documents_zip": 3, "expedited_reviewer_invitation_sent_at": "2023-12-01T17:36:22Z", "expert_assignment_user": 1}}, {"model": "meetings.meeting", "pk": 5, "fields": {"start": "2024-12-02T21:40:33Z", "title": "kjjkk", "optimization_task_id": "ewde3der", "started": "2024-12-02T21:41:51Z", "ended": "2024-12-05T21:41:57Z", "comments": "eeferred", "deadline": "2024-12-02T21:42:11Z", "deadline_diplomathesis": "2024-12-02T21:42:16Z", "deadline_expedited_review": "2024-12-02T21:42:20Z", "agenda_sent_at": "2024-12-02T21:42:25Z", "protocol": 1, "protocol_rendering_started_at": "2024-12-02T21:42:32Z", "protocol_sent_at": "2024-12-02T21:42:35Z", "documents_zip": 2, "expedited_reviewer_invitation_sent_at": "2024-12-02T21:42:47Z", "expert_assignment_user": 1}}, {"model": "meetings.meeting", "pk": 6, "fields": {"start": "2023-12-03T17:36:41Z", "title": "56g56", "optimization_task_id": null, "started": "2023-12-24T17:50:10.308Z", "ended": "2023-12-24T17:50:30.095Z", "comments": "sqwsqw", "deadline": "2023-12-03T17:36:41Z", "deadline_diplomathesis": "2023-12-03T17:36:41Z", "deadline_expedited_review": "2023-12-03T17:36:41Z", "agenda_sent_at": null, "protocol": null, "protocol_rendering_started_at": null, "protocol_sent_at": null, "documents_zip": null, "expedited_reviewer_invitation_sent_at": null, "expert_assignment_user": null}}, {"model": "meetings.meeting", "pk": 7, "fields": {"start": "2023-12-03T17:36:41Z", "title": "fsdfdf", "optimization_task_id": null, "started": null, "ended": null, "comments": null, "deadline": "2023-12-03T17:36:41Z", "deadline_diplomathesis": "2023-12-03T17:36:41Z", "deadline_expedited_review": "2023-12-03T17:36:41Z", "agenda_sent_at": null, "protocol": null, "protocol_rendering_started_at": null, "protocol_sent_at": null, "documents_zip": null, "expedited_reviewer_invitation_sent_at": null, "expert_assignment_user": null}}, {"model": "meetings.meeting", "pk": 8, "fields": {"start": "2023-12-03T17:55:04Z", "title": "dceferfegtrgtr", "optimization_task_id": null, "started": null, "ended": null, "comments": null, "deadline": "2023-12-03T17:55:04Z", "deadline_diplomathesis": "2023-12-03T17:55:04Z", "deadline_expedited_review": "2023-12-03T17:55:04Z", "agenda_sent_at": null, "protocol": null, "protocol_rendering_started_at": null, "protocol_sent_at": null, "documents_zip": null, "expedited_reviewer_invitation_sent_at": null, "expert_assignment_user": null}}, {"model": "meetings.meeting", "pk": 9, "fields": {"start": "2023-12-05T17:59:11Z", "title": "next", "optimization_task_id": null, "started": null, "ended": null, "comments": null, "deadline": "2023-12-05T17:59:11Z", "deadline_diplomathesis": "2023-12-06T17:59:11Z", "deadline_expedited_review": "2023-12-06T17:59:11Z", "agenda_sent_at": null, "protocol": null, "protocol_rendering_started_at": null, "protocol_sent_at": null, "documents_zip": null, "expedited_reviewer_invitation_sent_at": null, "expert_assignment_user": null}}, {"model": "meetings.meeting", "pk": 10, "fields": {"start": "2024-01-23T17:52:22Z", "title": "testtesttest", "optimization_task_id": "xxx:fake", "started": null, "ended": null, "comments": null, "deadline": "2024-01-16T17:52:22Z", "deadline_diplomathesis": "2024-01-01T17:52:22Z", "deadline_expedited_review": "2024-01-09T17:52:22Z", "agenda_sent_at": null, "protocol": null, "protocol_rendering_started_at": "2023-12-28T18:51:00.252Z", "protocol_sent_at": null, "documents_zip": null, "expedited_reviewer_invitation_sent_at": "2023-12-28T19:24:12.298Z", "expert_assignment_user": null}}, {"model": "meetings.meeting", "pk": 11, "fields": {"start": "2023-12-04T19:55:49Z", "title": "gego", "optimization_task_id": null, "started": null, "ended": null, "comments": null, "deadline": "2023-12-04T19:55:49Z", "deadline_diplomathesis": "2023-12-04T19:55:49Z", "deadline_expedited_review": "2023-12-04T19:55:49Z", "agenda_sent_at": null, "protocol": null, "protocol_rendering_started_at": null, "protocol_sent_at": null, "documents_zip": null, "expedited_reviewer_invitation_sent_at": null, "expert_assignment_user": null}}, {"model": "meetings.meeting", "pk": 12, "fields": {"start": "2023-12-09T18:13:48Z", "title": "rcerffe", "optimization_task_id": null, "started": null, "ended": null, "comments": null, "deadline": "2023-12-09T18:13:48Z", "deadline_diplomathesis": "2023-12-09T18:13:48Z", "deadline_expedited_review": "2023-12-09T18:13:48Z", "agenda_sent_at": null, "protocol": null, "protocol_rendering_started_at": null, "protocol_sent_at": null, "documents_zip": null, "expedited_reviewer_invitation_sent_at": null, "expert_assignment_user": null}}, {"model": "meetings.meeting", "pk": 13, "fields": {"start": "2023-12-20T18:18:57Z", "title": "goood", "optimization_task_id": "xxx:fake", "started": null, "ended": null, "comments": null, "deadline": "2023-12-20T18:18:57Z", "deadline_diplomathesis": "2023-12-20T18:18:57Z", "deadline_expedited_review": "2023-12-20T18:18:57Z", "agenda_sent_at": null, "protocol": null, "protocol_rendering_started_at": null, "protocol_sent_at": null, "documents_zip": null, "expedited_reviewer_invitation_sent_at": null, "expert_assignment_user": null}}, {"model": "meetings.meeting", "pk": 14, "fields": {"start": "2023-12-15T12:39:37Z", "title": "jkfnknrkjfnrke", "optimization_task_id": null, "started": null, "ended": null, "comments": null, "deadline": "2023-12-15T12:39:37Z", "deadline_diplomathesis": "2023-12-15T12:39:37Z", "deadline_expedited_review": "2023-12-15T12:39:37Z", "agenda_sent_at": null, "protocol": null, "protocol_rendering_started_at": null, "protocol_sent_at": null, "documents_zip": null, "expedited_reviewer_invitation_sent_at": null, "expert_assignment_user": null}}, {"model": "meetings.meeting", "pk": 15, "fields": {"start": "2023-12-16T10:50:37Z", "title": "4rf4rd", "optimization_task_id": null, "started": null, "ended": null, "comments": null, "deadline": "2023-12-16T10:50:37Z", "deadline_diplomathesis": "2023-12-16T10:50:37Z", "deadline_expedited_review": "2023-12-16T10:50:37Z", "agenda_sent_at": null, "protocol": null, "protocol_rendering_started_at": null, "protocol_sent_at": null, "documents_zip": null, "expedited_reviewer_invitation_sent_at": null, "expert_assignment_user": null}}, {"model": "meetings.meeting", "pk": 16, "fields": {"start": "2023-12-16T12:40:04Z", "title": "dassads", "optimization_task_id": null, "started": null, "ended": null, "comments": null, "deadline": "2023-12-16T12:40:04Z", "deadline_diplomathesis": "2023-12-16T12:40:04Z", "deadline_expedited_review": "2023-12-16T12:40:04Z", "agenda_sent_at": null, "protocol": null, "protocol_rendering_started_at": null, "protocol_sent_at": null, "documents_zip": null, "expedited_reviewer_invitation_sent_at": null, "expert_assignment_user": null}}, {"model": "meetings.meeting", "pk": 17, "fields": {"start": "2023-12-16T14:53:38Z", "title": "aaaaaaa", "optimization_task_id": null, "started": null, "ended": null, "comments": null, "deadline": "2023-12-16T14:53:38Z", "deadline_diplomathesis": "2023-12-16T14:53:38Z", "deadline_expedited_review": "2023-12-16T14:53:38Z", "agenda_sent_at": null, "protocol": null, "protocol_rendering_started_at": null, "protocol_sent_at": null, "documents_zip": null, "expedited_reviewer_invitation_sent_at": null, "expert_assignment_user": null}}, {"model": "meetings.meeting", "pk": 18, "fields": {"start": "2023-12-16T16:09:39Z", "title": "ererer", "optimization_task_id": "xxx:fake", "started": null, "ended": null, "comments": null, "deadline": "2023-12-16T16:09:39Z", "deadline_diplomathesis": "2023-12-16T16:09:39Z", "deadline_expedited_review": "2023-12-16T16:09:39Z", "agenda_sent_at": null, "protocol": null, "protocol_rendering_started_at": null, "protocol_sent_at": null, "documents_zip": null, "expedited_reviewer_invitation_sent_at": null, "expert_assignment_user": null}}, {"model": "tasksv.tasktype", "pk": 1, "fields": {"name": "nodetest", "workflow_node": 1, "group": 1, "is_delegatable": true, "is_dynamic": true}}, {"model": "tasksv.tasktype", "pk": 2, "fields": {"name": "tasktype", "workflow_node": 2, "group": null, "is_delegatable": true, "is_dynamic": false}}, {"model": "tasksv.tasktype", "pk": 3, "fields": {"name": "wwwww", "workflow_node": 3, "group": null, "is_delegatable": true, "is_dynamic": false}}, {"model": "tasksv.task", "pk": 1, "fields": {"task_type": 2, "workflow_token": 2, "content_type": 2, "data_id": 1, "created_at": "2023-12-04T20:07:08.629Z", "created_by": 1, "assigned_at": "2023-12-04T20:06:36Z", "assigned_to": 1, "closed_at": "2023-12-09T20:06:43Z", "deleted_at": "2023-12-10T20:06:46Z", "accepted": true, "medical_category": 1, "review_for": null, "send_message_on_close": true, "reminder_message_timeout": "00:00:12", "reminder_message_sent_at": "2023-12-10T20:06:55Z"}}, {"model": "tasksv.task", "pk": 2, "fields": {"task_type": 1, "workflow_token": 3, "content_type": 3, "data_id": 4, "created_at": "2023-12-06T19:52:53.032Z", "created_by": 1, "assigned_at": "2023-12-06T19:52:00Z", "assigned_to": 2, "closed_at": "2023-12-20T19:52:05Z", "deleted_at": "2023-12-20T19:52:08Z", "accepted": true, "medical_category": 1, "review_for": null, "send_message_on_close": true, "reminder_message_timeout": "00:00:12", "reminder_message_sent_at": "2023-12-20T19:52:18Z"}}, {"model": "tasksv.task", "pk": 3, "fields": {"task_type": 2, "workflow_token": 4, "content_type": 3, "data_id": 3, "created_at": "2023-12-16T19:48:28.563Z", "created_by": 1, "assigned_at": "2023-12-16T19:46:43Z", "assigned_to": 1, "closed_at": "2023-12-30T19:46:56Z", "deleted_at": "2023-12-30T19:47:02Z", "accepted": true, "medical_category": 1, "review_for": null, "send_message_on_close": false, "reminder_message_timeout": "00:20:20", "reminder_message_sent_at": "2023-12-30T19:47:19Z"}}, {"model": "docstash.docstash", "pk": "0a9ac764-d583-45d3-9bf6-77ba5fb79cbe", "fields": {"group": "src.core.views.submissions.create_submission_form", "current_version": 0, "owner": 1, "modtime": "2023-12-16T17:23:37.280Z", "name": null, "value": "{}", "content_type": null, "object_id": null}}, {"model": "docstash.docstash", "pk": "0c230941-da8a-4970-8eac-5fcf9a79c08e", "fields": {"group": "src.core.views.submissions.create_submission_form", "current_version": 0, "owner": 1, "modtime": "2023-12-19T18:37:00.145Z", "name": null, "value": "{}", "content_type": null, "object_id": null}}, {"model": "docstash.docstash", "pk": "0e5c6ad2-4ec5-40a0-ac66-8348bff5efaf", "fields": {"group": "core:create_submission_form", "current_version": 3, "owner": 1, "modtime": "2023-12-21T09:56:50.048Z", "name": "", "value": "{\"POST\": \"csrfmiddlewaretoken=Q4kOTJXoFLaefJtGyjam0EYgWGDnHyixkAJSTv4bGdsRyKQIKOcvHFG02XOB1eZF&project_type_misc=&project_type_education_context=&specialism=&clinical_phase=&subject_count=&subject_minage=&subject_maxage=&subject_males=1&subject_females_childbearing=&subject_duration=&subject_duration_active=&subject_duration_controls=&subject_planned_total_duration=&german_project_title=&project_title=&german_summary=&german_preclinical_results=&german_primary_hypothesis=&german_inclusion_exclusion_crit=&german_ethical_info=&german_protected_subjects_info=&german_recruitment_info=&german_consent_info=&german_risks_info=&german_benefits_info=&german_relationship_info=&german_concurrent_study_info=&german_sideeffects_info=&german_statistical_info=&german_dataprotection_info=&german_aftercare_info=&german_payment_info=&german_abort_info=&german_dataaccess_info=&german_financing_info=&german_additional_info=&sponsor_name=&sponsor_address=&sponsor_zip_code=&sponsor_city=&sponsor_contact_gender=&sponsor_contact_title=&sponsor_contact_first_name=&sponsor_contact_last_name=&sponsor_phone=&sponsor_fax=&sponsor_email=&sponsor_uid=&submitter_contact_gender=m&submitter_contact_title=abdo&submitter_contact_first_name=abdo&submitter_contact_last_name=abdallah&submitter_email=abdo%40gmail.com&submitter_organisation=weknworfml&submitter_jobtitle=test&measure-TOTAL_FORMS=0&measure-INITIAL_FORMS=0&measure-MIN_NUM_FORMS=0&measure-MAX_NUM_FORMS=1000&routinemeasure-TOTAL_FORMS=0&routinemeasure-INITIAL_FORMS=0&routinemeasure-MIN_NUM_FORMS=0&routinemeasure-MAX_NUM_FORMS=1000&nontesteduseddrug-TOTAL_FORMS=0&nontesteduseddrug-INITIAL_FORMS=0&nontesteduseddrug-MIN_NUM_FORMS=0&nontesteduseddrug-MAX_NUM_FORMS=1000&additional_therapy_info=&study_plan_blind=&study_plan_misc=&study_plan_number_of_groups=&study_plan_stratification=&study_plan_sample_frequency=&study_plan_primary_objectives=&study_plan_null_hypothesis=&study_plan_alternative_hypothesis=&study_plan_secondary_objectives=&study_plan_alpha=&study_plan_alpha_sided=&study_plan_power=&study_plan_statalgorithm=&study_plan_dropout_ratio=&study_plan_planned_statalgorithm=&study_plan_dataquality_checking=&study_plan_datamanagement=&study_plan_biometric_planning=&study_plan_statistics_implementation=&study_plan_dataprotection_choice=non-personal&study_plan_dataprotection_anonalgoritm=&insurance_name=&insurance_address=&insurance_phone=&insurance_contract_number=&insurance_validity=&investigator-TOTAL_FORMS=1&investigator-INITIAL_FORMS=0&investigator-MIN_NUM_FORMS=0&investigator-MAX_NUM_FORMS=1000&investigatoremployee-TOTAL_FORMS=1&investigatoremployee-INITIAL_FORMS=0&investigatoremployee-MIN_NUM_FORMS=0&investigatoremployee-MAX_NUM_FORMS=1000&investigator-0-organisation=&investigator-0-subject_count=&investigator-0-ethics_commission=&investigator-0-main=on&investigator-0-contact_gender=&investigator-0-contact_title=&investigator-0-contact_first_name=&investigator-0-contact_last_name=&investigator-0-phone=&investigator-0-mobile=&investigator-0-fax=&investigator-0-email=&investigator-0-specialist=&participatingcenternonsubject-TOTAL_FORMS=0&participatingcenternonsubject-INITIAL_FORMS=0&participatingcenternonsubject-MIN_NUM_FORMS=0&participatingcenternonsubject-MAX_NUM_FORMS=1000&foreignparticipatingcenter-TOTAL_FORMS=0&foreignparticipatingcenter-INITIAL_FORMS=0&foreignparticipatingcenter-MIN_NUM_FORMS=0&foreignparticipatingcenter-MAX_NUM_FORMS=1000&autosave=autosave\"}", "content_type": null, "object_id": null}}, {"model": "docstash.docstash", "pk": "13132041-e3f7-4f20-9bab-deadd35383bf", "fields": {"group": "src.notifications.views.create_notification", "current_version": 0, "owner": 1, "modtime": "2023-12-19T18:36:44.627Z", "name": null, "value": "{}", "content_type": null, "object_id": null}}, {"model": "docstash.docstash", "pk": "146ae7fb-c4d0-449a-b1ed-caac2a903678", "fields": {"group": "src.core.views.submissions.create_submission_form", "current_version": 0, "owner": 1, "modtime": "2023-12-19T19:06:16.201Z", "name": null, "value": "{}", "content_type": null, "object_id": null}}, {"model": "docstash.docstash", "pk": "38ac1624-b252-4e23-b955-add6a9bbcf70", "fields": {"group": "src.notifications.views.create_notification", "current_version": 0, "owner": 1, "modtime": "2023-12-18T19:17:00.166Z", "name": null, "value": "{}", "content_type": null, "object_id": null}}, {"model": "docstash.docstash", "pk": "3b5d47ab-a942-4011-9745-d85704ca509b", "fields": {"group": null, "current_version": 0, "owner": 1, "modtime": "2023-12-19T19:30:07.398Z", "name": null, "value": "{}", "content_type": null, "object_id": null}}, {"model": "docstash.docstash", "pk": "3db4f1ef-e0b0-4b81-a2c8-92da8e9e9826", "fields": {"group": "notifications:create_notification", "current_version": 5, "owner": 1, "modtime": "2023-12-21T11:37:49.050Z", "name": "welcome", "value": "{\"type_id\": \"2\", \"submission_form_ids\": [1], \"POST\": \"csrfmiddlewaretoken=YeKepmfwSu7iCw0iRiywHbVoMCP8O1IQsK9ip8mjTWpVVxnk3NAFocD8ST0m8HpY&submission_forms=1&comments=21w21wa1zxzxza&save=save\"}", "content_type": null, "object_id": null}}, {"model": "docstash.docstash", "pk": "43be4fa7-ee01-4204-8661-b5a354ceaec7", "fields": {"group": "src.core.views.submissions.create_submission_form", "current_version": 1, "owner": 1, "modtime": "2023-12-16T18:36:10.275Z", "name": "", "value": "{\"POST\": \"csrfmiddlewaretoken=JbVaxqTIFiWNthpFauV7tP2LI1iOzRX3snbOKravjMAqUjOtIlwJ01MIePWl5Bhc&project_type_misc=&project_type_education_context=&specialism=&clinical_phase=&subject_count=&subject_minage=&subject_maxage=&subject_males=1&subject_females_childbearing=&subject_duration=&subject_duration_active=&subject_duration_controls=&subject_planned_total_duration=&german_project_title=&project_title=&german_summary=&german_preclinical_results=&german_primary_hypothesis=&german_inclusion_exclusion_crit=&german_ethical_info=&german_protected_subjects_info=&german_recruitment_info=&german_consent_info=&german_risks_info=&german_benefits_info=&german_relationship_info=&german_concurrent_study_info=&german_sideeffects_info=&german_statistical_info=&german_dataprotection_info=&german_aftercare_info=&german_payment_info=&german_abort_info=&german_dataaccess_info=&german_financing_info=&german_additional_info=&sponsor_name=&sponsor_address=&sponsor_zip_code=&sponsor_city=&sponsor_contact_gender=&sponsor_contact_title=&sponsor_contact_first_name=&sponsor_contact_last_name=&sponsor_phone=&sponsor_fax=&sponsor_email=&sponsor_uid=&invoice_name=&invoice_address=&invoice_zip_code=&invoice_city=&invoice_contact_gender=&invoice_contact_title=&invoice_contact_first_name=&invoice_contact_last_name=&invoice_phone=&invoice_fax=&invoice_email=&invoice_uid=&submitter_contact_gender=m&submitter_contact_title=abdo&submitter_contact_first_name=abdo&submitter_contact_last_name=abdallah&submitter_email=abdo%40gmail.com&submitter_organisation=weknworfml&submitter_jobtitle=test&eudract_number=&pharma_checked_substance=&pharma_reference_substance=&submission_type=1&substance_preexisting_clinical_tries=1&substance_p_c_t_phase=&substance_p_c_t_period=&substance_p_c_t_application_type=&substance_p_c_t_gcp_rules=1&substance_p_c_t_final_report=1&medtech_checked_product=&medtech_reference_substance=&medtech_product_name=&medtech_manufacturer=&medtech_certified_for_exact_indications=1&medtech_certified_for_other_indications=1&medtech_ce_symbol=1&medtech_manual_included=1&medtech_technical_safety_regulations=&medtech_departure_from_regulations=&measure-TOTAL_FORMS=0&measure-INITIAL_FORMS=0&measure-MIN_NUM_FORMS=0&measure-MAX_NUM_FORMS=1000&measure-__prefix__-category=6.1&measure-__prefix__-type=&measure-__prefix__-count=&measure-__prefix__-period=&measure-__prefix__-total=&routinemeasure-TOTAL_FORMS=0&routinemeasure-INITIAL_FORMS=0&routinemeasure-MIN_NUM_FORMS=0&routinemeasure-MAX_NUM_FORMS=1000&routinemeasure-__prefix__-category=6.2&routinemeasure-__prefix__-type=&routinemeasure-__prefix__-count=&routinemeasure-__prefix__-period=&routinemeasure-__prefix__-total=&nontesteduseddrug-TOTAL_FORMS=0&nontesteduseddrug-INITIAL_FORMS=0&nontesteduseddrug-MIN_NUM_FORMS=0&nontesteduseddrug-MAX_NUM_FORMS=1000&nontesteduseddrug-__prefix__-generic_name=&nontesteduseddrug-__prefix__-preparation_form=&nontesteduseddrug-__prefix__-dosage=&additional_therapy_info=&study_plan_blind=&study_plan_misc=&study_plan_number_of_groups=&study_plan_stratification=&study_plan_sample_frequency=&study_plan_primary_objectives=&study_plan_null_hypothesis=&study_plan_alternative_hypothesis=&study_plan_secondary_objectives=&study_plan_alpha=&study_plan_alpha_sided=&study_plan_power=&study_plan_statalgorithm=&study_plan_multiple_test_correction_algorithm=&study_plan_dropout_ratio=&study_plan_abort_crit=&study_plan_planned_statalgorithm=&study_plan_dataquality_checking=&study_plan_datamanagement=&study_plan_biometric_planning=&study_plan_statistics_implementation=&study_plan_dataprotection_choice=non-personal&study_plan_dataprotection_reason=&study_plan_dataprotection_dvr=&study_plan_dataprotection_anonalgoritm=&insurance_name=&insurance_address=&insurance_phone=&insurance_contract_number=&insurance_validity=&investigator-TOTAL_FORMS=1&investigator-INITIAL_FORMS=0&investigator-MIN_NUM_FORMS=0&investigator-MAX_NUM_FORMS=1000&investigatoremployee-TOTAL_FORMS=1&investigatoremployee-INITIAL_FORMS=0&investigatoremployee-MIN_NUM_FORMS=0&investigatoremployee-MAX_NUM_FORMS=1000&investigator-0-organisation=&investigator-0-subject_count=&investigator-0-ethics_commission=&investigator-0-main=on&investigator-0-contact_gender=&investigator-0-contact_title=&investigator-0-contact_first_name=&investigator-0-contact_last_name=&investigator-0-phone=&investigator-0-mobile=&investigator-0-fax=&investigator-0-email=&investigator-0-specialist=&investigatoremployee-0-investigator_index=0&investigatoremployee-0-sex=&investigatoremployee-0-title=&investigatoremployee-0-firstname=&investigatoremployee-0-surname=&investigatoremployee-0-organisation=&participatingcenternonsubject-TOTAL_FORMS=0&participatingcenternonsubject-INITIAL_FORMS=0&participatingcenternonsubject-MIN_NUM_FORMS=0&participatingcenternonsubject-MAX_NUM_FORMS=1000&participatingcenternonsubject-__prefix__-name=&participatingcenternonsubject-__prefix__-ethics_commission=&participatingcenternonsubject-__prefix__-investigator_name=&foreignparticipatingcenter-TOTAL_FORMS=0&foreignparticipatingcenter-INITIAL_FORMS=0&foreignparticipatingcenter-MIN_NUM_FORMS=0&foreignparticipatingcenter-MAX_NUM_FORMS=1000&foreignparticipatingcenter-__prefix__-name=&foreignparticipatingcenter-__prefix__-investigator_name=&autosave=autosave\"}", "content_type": null, "object_id": null}}, {"model": "docstash.docstash", "pk": "4a2f64c1-0dcc-4612-bde2-30470f6ab90a", "fields": {"group": "core:create_submission_form", "current_version": 1, "owner": 1, "modtime": "2023-12-25T11:48:44.824Z", "name": "", "value": "{\"POST\": \"csrfmiddlewaretoken=6PZvWafRR092rg8KqUYo2uWfYYBLaayQe7SbdTaaMAuygVSGtrdikjD5TMvnxq3h&project_type_misc=&project_type_education_context=&specialism=&clinical_phase=&subject_count=&subject_minage=&subject_maxage=&subject_males=1&subject_females_childbearing=&subject_duration=&subject_duration_active=&subject_duration_controls=&subject_planned_total_duration=&german_project_title=&project_title=&german_summary=&german_preclinical_results=&german_primary_hypothesis=&german_inclusion_exclusion_crit=&german_ethical_info=&german_protected_subjects_info=&german_recruitment_info=&german_consent_info=&german_risks_info=&german_benefits_info=&german_relationship_info=&german_concurrent_study_info=&german_sideeffects_info=&german_statistical_info=&german_dataprotection_info=&german_aftercare_info=&german_payment_info=&german_abort_info=&german_dataaccess_info=&german_financing_info=&german_additional_info=&sponsor_name=&sponsor_address=&sponsor_zip_code=&sponsor_city=&sponsor_contact_gender=&sponsor_contact_title=&sponsor_contact_first_name=&sponsor_contact_last_name=&sponsor_phone=&sponsor_fax=&sponsor_email=&sponsor_uid=&submitter_contact_gender=m&submitter_contact_title=abdo&submitter_contact_first_name=abdo&submitter_contact_last_name=abdallah&submitter_email=abdo%40gmail.com&submitter_organisation=weknworfml&submitter_jobtitle=test&measure-TOTAL_FORMS=0&measure-INITIAL_FORMS=0&measure-MIN_NUM_FORMS=0&measure-MAX_NUM_FORMS=1000&routinemeasure-TOTAL_FORMS=0&routinemeasure-INITIAL_FORMS=0&routinemeasure-MIN_NUM_FORMS=0&routinemeasure-MAX_NUM_FORMS=1000&nontesteduseddrug-TOTAL_FORMS=0&nontesteduseddrug-INITIAL_FORMS=0&nontesteduseddrug-MIN_NUM_FORMS=0&nontesteduseddrug-MAX_NUM_FORMS=1000&additional_therapy_info=&study_plan_blind=&study_plan_misc=&study_plan_number_of_groups=&study_plan_stratification=&study_plan_sample_frequency=&study_plan_primary_objectives=&study_plan_null_hypothesis=&study_plan_alternative_hypothesis=&study_plan_secondary_objectives=&study_plan_alpha=&study_plan_alpha_sided=&study_plan_power=&study_plan_statalgorithm=&study_plan_dropout_ratio=&study_plan_planned_statalgorithm=&study_plan_dataquality_checking=&study_plan_datamanagement=&study_plan_biometric_planning=&study_plan_statistics_implementation=&study_plan_dataprotection_choice=non-personal&study_plan_dataprotection_anonalgoritm=&insurance_name=&insurance_address=&insurance_phone=&insurance_contract_number=&insurance_validity=&investigator-TOTAL_FORMS=1&investigator-INITIAL_FORMS=0&investigator-MIN_NUM_FORMS=0&investigator-MAX_NUM_FORMS=1000&investigatoremployee-TOTAL_FORMS=1&investigatoremployee-INITIAL_FORMS=0&investigatoremployee-MIN_NUM_FORMS=0&investigatoremployee-MAX_NUM_FORMS=1000&investigator-0-organisation=&investigator-0-subject_count=&investigator-0-ethics_commission=&investigator-0-main=on&investigator-0-contact_gender=&investigator-0-contact_title=&investigator-0-contact_first_name=&investigator-0-contact_last_name=&investigator-0-phone=&investigator-0-mobile=&investigator-0-fax=&investigator-0-email=&investigator-0-specialist=&investigatoremployee-0-investigator_index=0&investigatoremployee-0-sex=&investigatoremployee-0-title=&investigatoremployee-0-firstname=&investigatoremployee-0-surname=&investigatoremployee-0-organisation=&participatingcenternonsubject-TOTAL_FORMS=0&participatingcenternonsubject-INITIAL_FORMS=0&participatingcenternonsubject-MIN_NUM_FORMS=0&participatingcenternonsubject-MAX_NUM_FORMS=1000&foreignparticipatingcenter-TOTAL_FORMS=0&foreignparticipatingcenter-INITIAL_FORMS=0&foreignparticipatingcenter-MIN_NUM_FORMS=0&foreignparticipatingcenter-MAX_NUM_FORMS=1000&autosave=autosave\"}", "content_type": null, "object_id": null}}, {"model": "docstash.docstash", "pk": "4a4f1692-2cb1-47e1-a740-d1a2bb624c27", "fields": {"group": "core:create_submission_form", "current_version": 1, "owner": 1, "modtime": "2023-12-26T19:10:10.519Z", "name": "", "value": "{\"POST\": \"csrfmiddlewaretoken=Arb6sqk62IrS5dZU6aUNFXsSEAdxABCrwAFfAfw1mkjIEGsGej3D9FPMtzXcek9R&project_type_misc=&project_type_education_context=&specialism=&clinical_phase=&subject_count=&subject_minage=&subject_maxage=&subject_males=1&subject_females_childbearing=&subject_duration=&subject_duration_active=&subject_duration_controls=&subject_planned_total_duration=&german_project_title=&project_title=&german_summary=&german_preclinical_results=&german_primary_hypothesis=&german_inclusion_exclusion_crit=&german_ethical_info=&german_protected_subjects_info=&german_recruitment_info=&german_consent_info=&german_risks_info=&german_benefits_info=&german_relationship_info=&german_concurrent_study_info=&german_sideeffects_info=&german_statistical_info=&german_dataprotection_info=&german_aftercare_info=&german_payment_info=&german_abort_info=&german_dataaccess_info=&german_financing_info=&german_additional_info=&sponsor_name=&sponsor_address=&sponsor_zip_code=&sponsor_city=&sponsor_contact_gender=&sponsor_contact_title=&sponsor_contact_first_name=&sponsor_contact_last_name=&sponsor_phone=&sponsor_fax=&sponsor_email=&sponsor_uid=&submitter_contact_gender=m&submitter_contact_title=abdo&submitter_contact_first_name=abdo&submitter_contact_last_name=abdallah&submitter_email=abdo%40gmail.com&submitter_organisation=weknworfml&submitter_jobtitle=test&measure-TOTAL_FORMS=0&measure-INITIAL_FORMS=0&measure-MIN_NUM_FORMS=0&measure-MAX_NUM_FORMS=1000&routinemeasure-TOTAL_FORMS=0&routinemeasure-INITIAL_FORMS=0&routinemeasure-MIN_NUM_FORMS=0&routinemeasure-MAX_NUM_FORMS=1000&nontesteduseddrug-TOTAL_FORMS=0&nontesteduseddrug-INITIAL_FORMS=0&nontesteduseddrug-MIN_NUM_FORMS=0&nontesteduseddrug-MAX_NUM_FORMS=1000&additional_therapy_info=&study_plan_blind=&study_plan_misc=&study_plan_number_of_groups=&study_plan_stratification=&study_plan_sample_frequency=&study_plan_primary_objectives=&study_plan_null_hypothesis=&study_plan_alternative_hypothesis=&study_plan_secondary_objectives=&study_plan_alpha=&study_plan_alpha_sided=&study_plan_power=&study_plan_statalgorithm=&study_plan_dropout_ratio=&study_plan_planned_statalgorithm=&study_plan_dataquality_checking=&study_plan_datamanagement=&study_plan_biometric_planning=&study_plan_statistics_implementation=&study_plan_dataprotection_choice=non-personal&study_plan_dataprotection_anonalgoritm=&insurance_name=&insurance_address=&insurance_phone=&insurance_contract_number=&insurance_validity=&investigator-TOTAL_FORMS=1&investigator-INITIAL_FORMS=0&investigator-MIN_NUM_FORMS=0&investigator-MAX_NUM_FORMS=1000&investigatoremployee-TOTAL_FORMS=1&investigatoremployee-INITIAL_FORMS=0&investigatoremployee-MIN_NUM_FORMS=0&investigatoremployee-MAX_NUM_FORMS=1000&investigator-0-organisation=&investigator-0-subject_count=&investigator-0-ethics_commission=&investigator-0-main=on&investigator-0-contact_gender=&investigator-0-contact_title=&investigator-0-contact_first_name=&investigator-0-contact_last_name=&investigator-0-phone=&investigator-0-mobile=&investigator-0-fax=&investigator-0-email=&investigator-0-specialist=&investigatoremployee-0-investigator_index=0&investigatoremployee-0-sex=&investigatoremployee-0-title=&investigatoremployee-0-firstname=&investigatoremployee-0-surname=&investigatoremployee-0-organisation=&participatingcenternonsubject-TOTAL_FORMS=0&participatingcenternonsubject-INITIAL_FORMS=0&participatingcenternonsubject-MIN_NUM_FORMS=0&participatingcenternonsubject-MAX_NUM_FORMS=1000&foreignparticipatingcenter-TOTAL_FORMS=0&foreignparticipatingcenter-INITIAL_FORMS=0&foreignparticipatingcenter-MIN_NUM_FORMS=0&foreignparticipatingcenter-MAX_NUM_FORMS=1000&autosave=autosave\"}", "content_type": null, "object_id": null}}, {"model": "docstash.docstash", "pk": "4f46fe12-386c-434b-8011-11b0ab92f7b3", "fields": {"group": "core:create_submission_form", "current_version": 1, "owner": 1, "modtime": "2023-12-21T09:50:00.261Z", "name": "", "value": "{\"POST\": \"csrfmiddlewaretoken=1NSAS3F0FB0JhsHwFVh8Z4aYDftxxaO1vjhESPMNG3imAt4yRqjhG5SIJwELRQv9&project_type_misc=&project_type_education_context=&specialism=&clinical_phase=&subject_count=&subject_minage=&subject_maxage=&subject_males=1&subject_females_childbearing=&subject_duration=&subject_duration_active=&subject_duration_controls=&subject_planned_total_duration=&german_project_title=&project_title=&german_summary=&german_preclinical_results=&german_primary_hypothesis=&german_inclusion_exclusion_crit=&german_ethical_info=&german_protected_subjects_info=&german_recruitment_info=&german_consent_info=&german_risks_info=&german_benefits_info=&german_relationship_info=&german_concurrent_study_info=&german_sideeffects_info=&german_statistical_info=&german_dataprotection_info=&german_aftercare_info=&german_payment_info=&german_abort_info=&german_dataaccess_info=&german_financing_info=&german_additional_info=&sponsor_name=&sponsor_address=&sponsor_zip_code=&sponsor_city=&sponsor_contact_gender=&sponsor_contact_title=&sponsor_contact_first_name=&sponsor_contact_last_name=&sponsor_phone=&sponsor_fax=&sponsor_email=&sponsor_uid=&submitter_contact_gender=m&submitter_contact_title=abdo&submitter_contact_first_name=abdo&submitter_contact_last_name=abdallah&submitter_email=abdo%40gmail.com&submitter_organisation=weknworfml&submitter_jobtitle=test&measure-TOTAL_FORMS=0&measure-INITIAL_FORMS=0&measure-MIN_NUM_FORMS=0&measure-MAX_NUM_FORMS=1000&routinemeasure-TOTAL_FORMS=0&routinemeasure-INITIAL_FORMS=0&routinemeasure-MIN_NUM_FORMS=0&routinemeasure-MAX_NUM_FORMS=1000&nontesteduseddrug-TOTAL_FORMS=0&nontesteduseddrug-INITIAL_FORMS=0&nontesteduseddrug-MIN_NUM_FORMS=0&nontesteduseddrug-MAX_NUM_FORMS=1000&additional_therapy_info=&study_plan_blind=&study_plan_misc=&study_plan_number_of_groups=&study_plan_stratification=&study_plan_sample_frequency=&study_plan_primary_objectives=&study_plan_null_hypothesis=&study_plan_alternative_hypothesis=&study_plan_secondary_objectives=&study_plan_alpha=&study_plan_alpha_sided=&study_plan_power=&study_plan_statalgorithm=&study_plan_dropout_ratio=&study_plan_planned_statalgorithm=&study_plan_dataquality_checking=&study_plan_datamanagement=&study_plan_biometric_planning=&study_plan_statistics_implementation=&study_plan_dataprotection_choice=non-personal&study_plan_dataprotection_anonalgoritm=&insurance_name=&insurance_address=&insurance_phone=&insurance_contract_number=&insurance_validity=&investigator-TOTAL_FORMS=1&investigator-INITIAL_FORMS=0&investigator-MIN_NUM_FORMS=0&investigator-MAX_NUM_FORMS=1000&investigatoremployee-TOTAL_FORMS=1&investigatoremployee-INITIAL_FORMS=0&investigatoremployee-MIN_NUM_FORMS=0&investigatoremployee-MAX_NUM_FORMS=1000&investigator-0-organisation=&investigator-0-subject_count=&investigator-0-ethics_commission=&investigator-0-main=on&investigator-0-contact_gender=&investigator-0-contact_title=&investigator-0-contact_first_name=&investigator-0-contact_last_name=&investigator-0-phone=&investigator-0-mobile=&investigator-0-fax=&investigator-0-email=&investigator-0-specialist=&investigatoremployee-0-investigator_index=0&investigatoremployee-0-sex=&investigatoremployee-0-title=&investigatoremployee-0-firstname=&investigatoremployee-0-surname=&investigatoremployee-0-organisation=&participatingcenternonsubject-TOTAL_FORMS=0&participatingcenternonsubject-INITIAL_FORMS=0&participatingcenternonsubject-MIN_NUM_FORMS=0&participatingcenternonsubject-MAX_NUM_FORMS=1000&foreignparticipatingcenter-TOTAL_FORMS=0&foreignparticipatingcenter-INITIAL_FORMS=0&foreignparticipatingcenter-MIN_NUM_FORMS=0&foreignparticipatingcenter-MAX_NUM_FORMS=1000&autosave=autosave\"}", "content_type": null, "object_id": null}}, {"model": "docstash.docstash", "pk": "53320f36-7a20-45de-8589-67bcc292aac4", "fields": {"group": "src.notifications.views.create_notification", "current_version": 0, "owner": 1, "modtime": "2023-12-19T19:19:21.721Z", "name": null, "value": "{}", "content_type": null, "object_id": null}}, {"model": "docstash.docstash", "pk": "5e13345a-8556-4cf0-a3d7-1ecacd7b9c34", "fields": {"group": "notifications:create_notification", "current_version": 1, "owner": 1, "modtime": "2023-12-24T17:49:52.962Z", "name": "welcome", "value": "{\"type_id\": \"2\", \"submission_form_ids\": [1], \"POST\": \"csrfmiddlewaretoken=A8R5zzJMmHji3rW2KeKQ5ZDuOWj5ItJU4Eg9zlQzn9BVmsj4WJMZM0leUduj29q2&submission_forms=1&comments=&autosave=autosave\"}", "content_type": null, "object_id": null}}, {"model": "docstash.docstash", "pk": "6750471d-1129-4d42-8778-775270890ad5", "fields": {"group": "core:create_submission_form", "current_version": 1, "owner": 1, "modtime": "2023-12-21T09:57:01.584Z", "name": "", "value": "{\"POST\": \"csrfmiddlewaretoken=TmKT8bGmvqv83XIYNEBYOZmdRZMGrnzonS9X8XN9wSNLmY50Z9D7v04XXgXUL3gw&project_type_misc=&project_type_education_context=&specialism=&clinical_phase=&subject_count=&subject_minage=&subject_maxage=&subject_males=1&subject_females_childbearing=&subject_duration=&subject_duration_active=&subject_duration_controls=&subject_planned_total_duration=&german_project_title=&project_title=&german_summary=&german_preclinical_results=&german_primary_hypothesis=&german_inclusion_exclusion_crit=&german_ethical_info=&german_protected_subjects_info=&german_recruitment_info=&german_consent_info=&german_risks_info=&german_benefits_info=&german_relationship_info=&german_concurrent_study_info=&german_sideeffects_info=&german_statistical_info=&german_dataprotection_info=&german_aftercare_info=&german_payment_info=&german_abort_info=&german_dataaccess_info=&german_financing_info=&german_additional_info=&sponsor_name=&sponsor_address=&sponsor_zip_code=&sponsor_city=&sponsor_contact_gender=&sponsor_contact_title=&sponsor_contact_first_name=&sponsor_contact_last_name=&sponsor_phone=&sponsor_fax=&sponsor_email=&sponsor_uid=&submitter_contact_gender=m&submitter_contact_title=abdo&submitter_contact_first_name=abdo&submitter_contact_last_name=abdallah&submitter_email=abdo%40gmail.com&submitter_organisation=weknworfml&submitter_jobtitle=test&measure-TOTAL_FORMS=0&measure-INITIAL_FORMS=0&measure-MIN_NUM_FORMS=0&measure-MAX_NUM_FORMS=1000&routinemeasure-TOTAL_FORMS=0&routinemeasure-INITIAL_FORMS=0&routinemeasure-MIN_NUM_FORMS=0&routinemeasure-MAX_NUM_FORMS=1000&nontesteduseddrug-TOTAL_FORMS=0&nontesteduseddrug-INITIAL_FORMS=0&nontesteduseddrug-MIN_NUM_FORMS=0&nontesteduseddrug-MAX_NUM_FORMS=1000&additional_therapy_info=&study_plan_blind=&study_plan_misc=&study_plan_number_of_groups=&study_plan_stratification=&study_plan_sample_frequency=&study_plan_primary_objectives=&study_plan_null_hypothesis=&study_plan_alternative_hypothesis=&study_plan_secondary_objectives=&study_plan_alpha=&study_plan_alpha_sided=&study_plan_power=&study_plan_statalgorithm=&study_plan_dropout_ratio=&study_plan_planned_statalgorithm=&study_plan_dataquality_checking=&study_plan_datamanagement=&study_plan_biometric_planning=&study_plan_statistics_implementation=&study_plan_dataprotection_choice=non-personal&study_plan_dataprotection_anonalgoritm=&insurance_name=&insurance_address=&insurance_phone=&insurance_contract_number=&insurance_validity=&investigator-TOTAL_FORMS=1&investigator-INITIAL_FORMS=0&investigator-MIN_NUM_FORMS=0&investigator-MAX_NUM_FORMS=1000&investigatoremployee-TOTAL_FORMS=1&investigatoremployee-INITIAL_FORMS=0&investigatoremployee-MIN_NUM_FORMS=0&investigatoremployee-MAX_NUM_FORMS=1000&investigator-0-organisation=&investigator-0-subject_count=&investigator-0-ethics_commission=&investigator-0-main=on&investigator-0-contact_gender=&investigator-0-contact_title=&investigator-0-contact_first_name=&investigator-0-contact_last_name=&investigator-0-phone=&investigator-0-mobile=&investigator-0-fax=&investigator-0-email=&investigator-0-specialist=&investigatoremployee-0-investigator_index=0&investigatoremployee-0-sex=&investigatoremployee-0-title=&investigatoremployee-0-firstname=&investigatoremployee-0-surname=&investigatoremployee-0-organisation=&participatingcenternonsubject-TOTAL_FORMS=0&participatingcenternonsubject-INITIAL_FORMS=0&participatingcenternonsubject-MIN_NUM_FORMS=0&participatingcenternonsubject-MAX_NUM_FORMS=1000&foreignparticipatingcenter-TOTAL_FORMS=0&foreignparticipatingcenter-INITIAL_FORMS=0&foreignparticipatingcenter-MIN_NUM_FORMS=0&foreignparticipatingcenter-MAX_NUM_FORMS=1000&autosave=autosave\"}", "content_type": null, "object_id": null}}, {"model": "docstash.docstash", "pk": "6c89b892-5a66-4e2d-b239-92ade2fd1bb1", "fields": {"group": "core:create_submission_form", "current_version": 1, "owner": 1, "modtime": "2023-12-26T19:10:00.999Z", "name": "", "value": "{\"POST\": \"csrfmiddlewaretoken=uzkhgufQqE7BK6dG6VNWiScpmsNW3LkkqIOqojrLKgZrjzGse4WMMAzjbrxBHuRK&project_type_misc=&project_type_education_context=&specialism=&clinical_phase=&subject_count=&subject_minage=&subject_maxage=&subject_males=1&subject_females_childbearing=&subject_duration=&subject_duration_active=&subject_duration_controls=&subject_planned_total_duration=&german_project_title=&project_title=&german_summary=&german_preclinical_results=&german_primary_hypothesis=&german_inclusion_exclusion_crit=&german_ethical_info=&german_protected_subjects_info=&german_recruitment_info=&german_consent_info=&german_risks_info=&german_benefits_info=&german_relationship_info=&german_concurrent_study_info=&german_sideeffects_info=&german_statistical_info=&german_dataprotection_info=&german_aftercare_info=&german_payment_info=&german_abort_info=&german_dataaccess_info=&german_financing_info=&german_additional_info=&sponsor_name=&sponsor_address=&sponsor_zip_code=&sponsor_city=&sponsor_contact_gender=&sponsor_contact_title=&sponsor_contact_first_name=&sponsor_contact_last_name=&sponsor_phone=&sponsor_fax=&sponsor_email=&sponsor_uid=&submitter_contact_gender=m&submitter_contact_title=abdo&submitter_contact_first_name=abdo&submitter_contact_last_name=abdallah&submitter_email=abdo%40gmail.com&submitter_organisation=weknworfml&submitter_jobtitle=test&measure-TOTAL_FORMS=0&measure-INITIAL_FORMS=0&measure-MIN_NUM_FORMS=0&measure-MAX_NUM_FORMS=1000&routinemeasure-TOTAL_FORMS=0&routinemeasure-INITIAL_FORMS=0&routinemeasure-MIN_NUM_FORMS=0&routinemeasure-MAX_NUM_FORMS=1000&nontesteduseddrug-TOTAL_FORMS=0&nontesteduseddrug-INITIAL_FORMS=0&nontesteduseddrug-MIN_NUM_FORMS=0&nontesteduseddrug-MAX_NUM_FORMS=1000&additional_therapy_info=&study_plan_blind=&study_plan_misc=&study_plan_number_of_groups=&study_plan_stratification=&study_plan_sample_frequency=&study_plan_primary_objectives=&study_plan_null_hypothesis=&study_plan_alternative_hypothesis=&study_plan_secondary_objectives=&study_plan_alpha=&study_plan_alpha_sided=&study_plan_power=&study_plan_statalgorithm=&study_plan_dropout_ratio=&study_plan_planned_statalgorithm=&study_plan_dataquality_checking=&study_plan_datamanagement=&study_plan_biometric_planning=&study_plan_statistics_implementation=&study_plan_dataprotection_choice=non-personal&study_plan_dataprotection_anonalgoritm=&insurance_name=&insurance_address=&insurance_phone=&insurance_contract_number=&insurance_validity=&investigator-TOTAL_FORMS=1&investigator-INITIAL_FORMS=0&investigator-MIN_NUM_FORMS=0&investigator-MAX_NUM_FORMS=1000&investigatoremployee-TOTAL_FORMS=1&investigatoremployee-INITIAL_FORMS=0&investigatoremployee-MIN_NUM_FORMS=0&investigatoremployee-MAX_NUM_FORMS=1000&investigator-0-organisation=&investigator-0-subject_count=&investigator-0-ethics_commission=&investigator-0-main=on&investigator-0-contact_gender=&investigator-0-contact_title=&investigator-0-contact_first_name=&investigator-0-contact_last_name=&investigator-0-phone=&investigator-0-mobile=&investigator-0-fax=&investigator-0-email=&investigator-0-specialist=&investigatoremployee-0-investigator_index=0&investigatoremployee-0-sex=&investigatoremployee-0-title=&investigatoremployee-0-firstname=&investigatoremployee-0-surname=&investigatoremployee-0-organisation=&participatingcenternonsubject-TOTAL_FORMS=0&participatingcenternonsubject-INITIAL_FORMS=0&participatingcenternonsubject-MIN_NUM_FORMS=0&participatingcenternonsubject-MAX_NUM_FORMS=1000&foreignparticipatingcenter-TOTAL_FORMS=0&foreignparticipatingcenter-INITIAL_FORMS=0&foreignparticipatingcenter-MIN_NUM_FORMS=0&foreignparticipatingcenter-MAX_NUM_FORMS=1000&autosave=autosave\"}", "content_type": null, "object_id": null}}, {"model": "docstash.docstash", "pk": "7908e1be-eec8-48cc-9896-da3c5c524637", "fields": {"group": "src.notifications.views.create_notification", "current_version": 0, "owner": 1, "modtime": "2023-12-19T19:12:47.570Z", "name": null, "value": "{}", "content_type": null, "object_id": null}}, {"model": "docstash.docstash", "pk": "79235360-27bb-4655-b5a0-6a8d94a5b53f", "fields": {"group": "src.core.views.submissions.create_submission_form", "current_version": 3, "owner": 1, "modtime": "2023-12-16T18:32:49.987Z", "name": "", "value": "{\"POST\": \"csrfmiddlewaretoken=ImFnyiQYfaWqtBUGnyo361QVUEDvGOkyryV1Lj7LTEA3UDjuVpZFDdASqsh2cyEH&project_type_misc=&project_type_education_context=&specialism=&clinical_phase=&subject_count=&subject_minage=&subject_maxage=&subject_males=1&subject_females_childbearing=&subject_duration=&subject_duration_active=&subject_duration_controls=&subject_planned_total_duration=&german_project_title=&project_title=&german_summary=&german_preclinical_results=&german_primary_hypothesis=&german_inclusion_exclusion_crit=&german_ethical_info=&german_protected_subjects_info=&german_recruitment_info=&german_consent_info=&german_risks_info=&german_benefits_info=&german_relationship_info=&german_concurrent_study_info=&german_sideeffects_info=&german_statistical_info=&german_dataprotection_info=&german_aftercare_info=&german_payment_info=&german_abort_info=&german_dataaccess_info=&german_financing_info=&german_additional_info=&sponsor_name=&sponsor_address=&sponsor_zip_code=&sponsor_city=&sponsor_contact_gender=&sponsor_contact_title=&sponsor_contact_first_name=&sponsor_contact_last_name=&sponsor_phone=&sponsor_fax=&sponsor_email=&sponsor_uid=&invoice_name=&invoice_address=&invoice_zip_code=&invoice_city=&invoice_contact_gender=&invoice_contact_title=&invoice_contact_first_name=&invoice_contact_last_name=&invoice_phone=&invoice_fax=&invoice_email=&invoice_uid=&submitter_contact_gender=m&submitter_contact_title=abdo&submitter_contact_first_name=abdo&submitter_contact_last_name=abdallah&submitter_email=abdo%40gmail.com&submitter_organisation=weknworfml&submitter_jobtitle=test&eudract_number=&pharma_checked_substance=&pharma_reference_substance=&submission_type=1&substance_preexisting_clinical_tries=1&substance_p_c_t_phase=&substance_p_c_t_period=&substance_p_c_t_application_type=&substance_p_c_t_gcp_rules=1&substance_p_c_t_final_report=1&medtech_checked_product=&medtech_reference_substance=&medtech_product_name=&medtech_manufacturer=&medtech_certified_for_exact_indications=1&medtech_certified_for_other_indications=1&medtech_ce_symbol=1&medtech_manual_included=1&medtech_technical_safety_regulations=&medtech_departure_from_regulations=&measure-TOTAL_FORMS=0&measure-INITIAL_FORMS=0&measure-MIN_NUM_FORMS=0&measure-MAX_NUM_FORMS=1000&measure-__prefix__-category=6.1&measure-__prefix__-type=&measure-__prefix__-count=&measure-__prefix__-period=&measure-__prefix__-total=&routinemeasure-TOTAL_FORMS=0&routinemeasure-INITIAL_FORMS=0&routinemeasure-MIN_NUM_FORMS=0&routinemeasure-MAX_NUM_FORMS=1000&routinemeasure-__prefix__-category=6.2&routinemeasure-__prefix__-type=&routinemeasure-__prefix__-count=&routinemeasure-__prefix__-period=&routinemeasure-__prefix__-total=&nontesteduseddrug-TOTAL_FORMS=0&nontesteduseddrug-INITIAL_FORMS=0&nontesteduseddrug-MIN_NUM_FORMS=0&nontesteduseddrug-MAX_NUM_FORMS=1000&nontesteduseddrug-__prefix__-generic_name=&nontesteduseddrug-__prefix__-preparation_form=&nontesteduseddrug-__prefix__-dosage=&additional_therapy_info=&study_plan_blind=&study_plan_misc=&study_plan_number_of_groups=&study_plan_stratification=&study_plan_sample_frequency=&study_plan_primary_objectives=&study_plan_null_hypothesis=&study_plan_alternative_hypothesis=&study_plan_secondary_objectives=&study_plan_alpha=&study_plan_alpha_sided=&study_plan_power=&study_plan_statalgorithm=&study_plan_multiple_test_correction_algorithm=&study_plan_dropout_ratio=&study_plan_abort_crit=&study_plan_planned_statalgorithm=&study_plan_dataquality_checking=&study_plan_datamanagement=&study_plan_biometric_planning=&study_plan_statistics_implementation=&study_plan_dataprotection_choice=non-personal&study_plan_dataprotection_reason=&study_plan_dataprotection_dvr=&study_plan_dataprotection_anonalgoritm=&insurance_name=&insurance_address=&insurance_phone=&insurance_contract_number=&insurance_validity=&investigator-TOTAL_FORMS=1&investigator-INITIAL_FORMS=0&investigator-MIN_NUM_FORMS=0&investigator-MAX_NUM_FORMS=1000&investigatoremployee-TOTAL_FORMS=1&investigatoremployee-INITIAL_FORMS=0&investigatoremployee-MIN_NUM_FORMS=0&investigatoremployee-MAX_NUM_FORMS=1000&investigator-0-organisation=&investigator-0-subject_count=&investigator-0-ethics_commission=&investigator-0-main=on&investigator-0-contact_gender=&investigator-0-contact_title=&investigator-0-contact_first_name=&investigator-0-contact_last_name=&investigator-0-phone=&investigator-0-mobile=&investigator-0-fax=&investigator-0-email=&investigator-0-specialist=&participatingcenternonsubject-TOTAL_FORMS=0&participatingcenternonsubject-INITIAL_FORMS=0&participatingcenternonsubject-MIN_NUM_FORMS=0&participatingcenternonsubject-MAX_NUM_FORMS=1000&participatingcenternonsubject-__prefix__-name=&participatingcenternonsubject-__prefix__-ethics_commission=&participatingcenternonsubject-__prefix__-investigator_name=&foreignparticipatingcenter-TOTAL_FORMS=0&foreignparticipatingcenter-INITIAL_FORMS=0&foreignparticipatingcenter-MIN_NUM_FORMS=0&foreignparticipatingcenter-MAX_NUM_FORMS=1000&foreignparticipatingcenter-__prefix__-name=&foreignparticipatingcenter-__prefix__-investigator_name=&autosave=autosave\"}", "content_type": null, "object_id": null}}, {"model": "docstash.docstash", "pk": "7f1ba3c7-f4c1-4b19-89e9-16d6a3d7026b", "fields": {"group": "src.notifications.views.create_notification", "current_version": 0, "owner": 1, "modtime": "2023-12-19T19:20:02.611Z", "name": null, "value": "{}", "content_type": null, "object_id": null}}, {"model": "docstash.docstash", "pk": "8259032b-738c-48e1-b6ee-a073de514c6f", "fields": {"group": "core:create_submission_form", "current_version": 1, "owner": 1, "modtime": "2023-12-19T19:37:13.479Z", "name": "", "value": "{\"POST\": \"csrfmiddlewaretoken=sFuBzL7Iyng0MDvXuu6PrMrVsVyS3XX0WbTFzxevzPyD5ESZGZ8Y8N9FycJ6nDE8&project_type_misc=&project_type_education_context=&specialism=&clinical_phase=&subject_count=&subject_minage=&subject_maxage=&subject_males=1&subject_females_childbearing=&subject_duration=&subject_duration_active=&subject_duration_controls=&subject_planned_total_duration=&german_project_title=&project_title=&german_summary=&german_preclinical_results=&german_primary_hypothesis=&german_inclusion_exclusion_crit=&german_ethical_info=&german_protected_subjects_info=&german_recruitment_info=&german_consent_info=&german_risks_info=&german_benefits_info=&german_relationship_info=&german_concurrent_study_info=&german_sideeffects_info=&german_statistical_info=&german_dataprotection_info=&german_aftercare_info=&german_payment_info=&german_abort_info=&german_dataaccess_info=&german_financing_info=&german_additional_info=&sponsor_name=&sponsor_address=&sponsor_zip_code=&sponsor_city=&sponsor_contact_gender=&sponsor_contact_title=&sponsor_contact_first_name=&sponsor_contact_last_name=&sponsor_phone=&sponsor_fax=&sponsor_email=&sponsor_uid=&submitter_contact_gender=m&submitter_contact_title=abdo&submitter_contact_first_name=abdo&submitter_contact_last_name=abdallah&submitter_email=abdo%40gmail.com&submitter_organisation=weknworfml&submitter_jobtitle=test&measure-TOTAL_FORMS=0&measure-INITIAL_FORMS=0&measure-MIN_NUM_FORMS=0&measure-MAX_NUM_FORMS=1000&routinemeasure-TOTAL_FORMS=0&routinemeasure-INITIAL_FORMS=0&routinemeasure-MIN_NUM_FORMS=0&routinemeasure-MAX_NUM_FORMS=1000&nontesteduseddrug-TOTAL_FORMS=0&nontesteduseddrug-INITIAL_FORMS=0&nontesteduseddrug-MIN_NUM_FORMS=0&nontesteduseddrug-MAX_NUM_FORMS=1000&additional_therapy_info=&study_plan_blind=&study_plan_misc=&study_plan_number_of_groups=&study_plan_stratification=&study_plan_sample_frequency=&study_plan_primary_objectives=&study_plan_null_hypothesis=&study_plan_alternative_hypothesis=&study_plan_secondary_objectives=&study_plan_alpha=&study_plan_alpha_sided=&study_plan_power=&study_plan_statalgorithm=&study_plan_dropout_ratio=&study_plan_planned_statalgorithm=&study_plan_dataquality_checking=&study_plan_datamanagement=&study_plan_biometric_planning=&study_plan_statistics_implementation=&study_plan_dataprotection_choice=non-personal&study_plan_dataprotection_anonalgoritm=&insurance_name=&insurance_address=&insurance_phone=&insurance_contract_number=&insurance_validity=&investigator-TOTAL_FORMS=1&investigator-INITIAL_FORMS=0&investigator-MIN_NUM_FORMS=0&investigator-MAX_NUM_FORMS=1000&investigatoremployee-TOTAL_FORMS=1&investigatoremployee-INITIAL_FORMS=0&investigatoremployee-MIN_NUM_FORMS=0&investigatoremployee-MAX_NUM_FORMS=1000&investigator-0-organisation=&investigator-0-subject_count=&investigator-0-ethics_commission=&investigator-0-main=on&investigator-0-contact_gender=&investigator-0-contact_title=&investigator-0-contact_first_name=&investigator-0-contact_last_name=&investigator-0-phone=&investigator-0-mobile=&investigator-0-fax=&investigator-0-email=&investigator-0-specialist=&investigatoremployee-0-investigator_index=0&investigatoremployee-0-sex=&investigatoremployee-0-title=&investigatoremployee-0-firstname=&investigatoremployee-0-surname=&investigatoremployee-0-organisation=&participatingcenternonsubject-TOTAL_FORMS=0&participatingcenternonsubject-INITIAL_FORMS=0&participatingcenternonsubject-MIN_NUM_FORMS=0&participatingcenternonsubject-MAX_NUM_FORMS=1000&foreignparticipatingcenter-TOTAL_FORMS=0&foreignparticipatingcenter-INITIAL_FORMS=0&foreignparticipatingcenter-MIN_NUM_FORMS=0&foreignparticipatingcenter-MAX_NUM_FORMS=1000&autosave=autosave\"}", "content_type": null, "object_id": null}}, {"model": "docstash.docstash", "pk": "96d7a100-dc9c-42bb-bcd8-292a535e5e32", "fields": {"group": "src.notifications.views.create_notification", "current_version": 0, "owner": 1, "modtime": "2023-12-19T19:06:04.040Z", "name": null, "value": "{}", "content_type": null, "object_id": null}}, {"model": "docstash.docstash", "pk": "9c22f161-714f-48b9-b35f-4dccec8d113b", "fields": {"group": "notifications:create_notification", "current_version": 0, "owner": 1, "modtime": "2023-12-25T11:48:45.461Z", "name": null, "value": "{}", "content_type": null, "object_id": null}}, {"model": "docstash.docstash", "pk": "9dc30615-a5c1-4371-a99e-760929ef1eac", "fields": {"group": "core:create_submission_form", "current_version": 1, "owner": 1, "modtime": "2023-12-19T19:36:37.303Z", "name": "", "value": "{\"POST\": \"csrfmiddlewaretoken=7fy1zl3vhZxkCeNUte8nrMon5UymjPtSBLX5z7aiirPXVfaWFJaw8N67bbJADva0&project_type_misc=&project_type_education_context=&specialism=&clinical_phase=&subject_count=&subject_minage=&subject_maxage=&subject_males=1&subject_females_childbearing=&subject_duration=&subject_duration_active=&subject_duration_controls=&subject_planned_total_duration=&german_project_title=&project_title=&german_summary=&german_preclinical_results=&german_primary_hypothesis=&german_inclusion_exclusion_crit=&german_ethical_info=&german_protected_subjects_info=&german_recruitment_info=&german_consent_info=&german_risks_info=&german_benefits_info=&german_relationship_info=&german_concurrent_study_info=&german_sideeffects_info=&german_statistical_info=&german_dataprotection_info=&german_aftercare_info=&german_payment_info=&german_abort_info=&german_dataaccess_info=&german_financing_info=&german_additional_info=&sponsor_name=&sponsor_address=&sponsor_zip_code=&sponsor_city=&sponsor_contact_gender=&sponsor_contact_title=&sponsor_contact_first_name=&sponsor_contact_last_name=&sponsor_phone=&sponsor_fax=&sponsor_email=&sponsor_uid=&submitter_contact_gender=m&submitter_contact_title=abdo&submitter_contact_first_name=abdo&submitter_contact_last_name=abdallah&submitter_email=abdo%40gmail.com&submitter_organisation=weknworfml&submitter_jobtitle=test&measure-TOTAL_FORMS=0&measure-INITIAL_FORMS=0&measure-MIN_NUM_FORMS=0&measure-MAX_NUM_FORMS=1000&routinemeasure-TOTAL_FORMS=0&routinemeasure-INITIAL_FORMS=0&routinemeasure-MIN_NUM_FORMS=0&routinemeasure-MAX_NUM_FORMS=1000&nontesteduseddrug-TOTAL_FORMS=0&nontesteduseddrug-INITIAL_FORMS=0&nontesteduseddrug-MIN_NUM_FORMS=0&nontesteduseddrug-MAX_NUM_FORMS=1000&additional_therapy_info=&study_plan_blind=&study_plan_misc=&study_plan_number_of_groups=&study_plan_stratification=&study_plan_sample_frequency=&study_plan_primary_objectives=&study_plan_null_hypothesis=&study_plan_alternative_hypothesis=&study_plan_secondary_objectives=&study_plan_alpha=&study_plan_alpha_sided=&study_plan_power=&study_plan_statalgorithm=&study_plan_dropout_ratio=&study_plan_planned_statalgorithm=&study_plan_dataquality_checking=&study_plan_datamanagement=&study_plan_biometric_planning=&study_plan_statistics_implementation=&study_plan_dataprotection_choice=non-personal&study_plan_dataprotection_anonalgoritm=&insurance_name=&insurance_address=&insurance_phone=&insurance_contract_number=&insurance_validity=&investigator-TOTAL_FORMS=1&investigator-INITIAL_FORMS=0&investigator-MIN_NUM_FORMS=0&investigator-MAX_NUM_FORMS=1000&investigatoremployee-TOTAL_FORMS=1&investigatoremployee-INITIAL_FORMS=0&investigatoremployee-MIN_NUM_FORMS=0&investigatoremployee-MAX_NUM_FORMS=1000&investigator-0-organisation=&investigator-0-subject_count=&investigator-0-ethics_commission=&investigator-0-main=on&investigator-0-contact_gender=&investigator-0-contact_title=&investigator-0-contact_first_name=&investigator-0-contact_last_name=&investigator-0-phone=&investigator-0-mobile=&investigator-0-fax=&investigator-0-email=&investigator-0-specialist=&investigatoremployee-0-investigator_index=0&investigatoremployee-0-sex=&investigatoremployee-0-title=&investigatoremployee-0-firstname=&investigatoremployee-0-surname=&investigatoremployee-0-organisation=&participatingcenternonsubject-TOTAL_FORMS=0&participatingcenternonsubject-INITIAL_FORMS=0&participatingcenternonsubject-MIN_NUM_FORMS=0&participatingcenternonsubject-MAX_NUM_FORMS=1000&foreignparticipatingcenter-TOTAL_FORMS=0&foreignparticipatingcenter-INITIAL_FORMS=0&foreignparticipatingcenter-MIN_NUM_FORMS=0&foreignparticipatingcenter-MAX_NUM_FORMS=1000&autosave=autosave\"}", "content_type": null, "object_id": null}}, {"model": "docstash.docstash", "pk": "a0c1ea24-6d25-4ca5-b637-7e7c33e45ba5", "fields": {"group": "core:create_submission_form", "current_version": 2, "owner": 1, "modtime": "2023-12-21T09:52:13.468Z", "name": "", "value": "{\"POST\": \"csrfmiddlewaretoken=YFLk95kj9oWlEnZ9lwXbMMlD4kf8n0Lusbao9Rr6aQeYXombx1ZktN3naBqmHGsC&project_type_misc=&project_type_education_context=&specialism=&clinical_phase=&subject_count=&subject_minage=&subject_maxage=&subject_males=1&subject_females_childbearing=&subject_duration=&subject_duration_active=&subject_duration_controls=&subject_planned_total_duration=&german_project_title=&project_title=&german_summary=&german_preclinical_results=&german_primary_hypothesis=&german_inclusion_exclusion_crit=&german_ethical_info=&german_protected_subjects_info=&german_recruitment_info=&german_consent_info=&german_risks_info=&german_benefits_info=&german_relationship_info=&german_concurrent_study_info=&german_sideeffects_info=&german_statistical_info=&german_dataprotection_info=&german_aftercare_info=&german_payment_info=&german_abort_info=&german_dataaccess_info=&german_financing_info=&german_additional_info=&sponsor_name=&sponsor_address=&sponsor_zip_code=&sponsor_city=&sponsor_contact_gender=&sponsor_contact_title=&sponsor_contact_first_name=&sponsor_contact_last_name=&sponsor_phone=&sponsor_fax=&sponsor_email=&sponsor_uid=&submitter_contact_gender=m&submitter_contact_title=abdo&submitter_contact_first_name=abdo&submitter_contact_last_name=abdallah&submitter_email=abdo%40gmail.com&submitter_organisation=weknworfml&submitter_jobtitle=test&measure-TOTAL_FORMS=0&measure-INITIAL_FORMS=0&measure-MIN_NUM_FORMS=0&measure-MAX_NUM_FORMS=1000&routinemeasure-TOTAL_FORMS=0&routinemeasure-INITIAL_FORMS=0&routinemeasure-MIN_NUM_FORMS=0&routinemeasure-MAX_NUM_FORMS=1000&nontesteduseddrug-TOTAL_FORMS=0&nontesteduseddrug-INITIAL_FORMS=0&nontesteduseddrug-MIN_NUM_FORMS=0&nontesteduseddrug-MAX_NUM_FORMS=1000&additional_therapy_info=&study_plan_blind=&study_plan_misc=&study_plan_number_of_groups=&study_plan_stratification=&study_plan_sample_frequency=&study_plan_primary_objectives=&study_plan_null_hypothesis=&study_plan_alternative_hypothesis=&study_plan_secondary_objectives=&study_plan_alpha=&study_plan_alpha_sided=&study_plan_power=&study_plan_statalgorithm=&study_plan_dropout_ratio=&study_plan_planned_statalgorithm=&study_plan_dataquality_checking=&study_plan_datamanagement=&study_plan_biometric_planning=&study_plan_statistics_implementation=&study_plan_dataprotection_choice=non-personal&study_plan_dataprotection_anonalgoritm=&insurance_name=&insurance_address=&insurance_phone=&insurance_contract_number=&insurance_validity=&investigator-TOTAL_FORMS=1&investigator-INITIAL_FORMS=0&investigator-MIN_NUM_FORMS=0&investigator-MAX_NUM_FORMS=1000&investigatoremployee-TOTAL_FORMS=1&investigatoremployee-INITIAL_FORMS=0&investigatoremployee-MIN_NUM_FORMS=0&investigatoremployee-MAX_NUM_FORMS=1000&investigator-0-organisation=&investigator-0-subject_count=&investigator-0-ethics_commission=&investigator-0-main=on&investigator-0-contact_gender=&investigator-0-contact_title=&investigator-0-contact_first_name=&investigator-0-contact_last_name=&investigator-0-phone=&investigator-0-mobile=&investigator-0-fax=&investigator-0-email=&investigator-0-specialist=&investigatoremployee-0-investigator_index=0&investigatoremployee-0-sex=&investigatoremployee-0-title=&investigatoremployee-0-firstname=&investigatoremployee-0-surname=&investigatoremployee-0-organisation=&participatingcenternonsubject-TOTAL_FORMS=0&participatingcenternonsubject-INITIAL_FORMS=0&participatingcenternonsubject-MIN_NUM_FORMS=0&participatingcenternonsubject-MAX_NUM_FORMS=1000&foreignparticipatingcenter-TOTAL_FORMS=0&foreignparticipatingcenter-INITIAL_FORMS=0&foreignparticipatingcenter-MIN_NUM_FORMS=0&foreignparticipatingcenter-MAX_NUM_FORMS=1000&autosave=autosave\"}", "content_type": null, "object_id": null}}, {"model": "docstash.docstash", "pk": "a3f3d87f-9d45-43ce-9556-521a0129689d", "fields": {"group": "core:create_submission_form", "current_version": 1, "owner": 1, "modtime": "2023-12-26T20:05:59.909Z", "name": "", "value": "{\"POST\": \"csrfmiddlewaretoken=6AVKrLY0BCOfNjS6pEspT2VhODTW13tZ2JpTzAaVVeG5mMlSxNBfnKibDCDBFM0p&project_type_misc=&project_type_education_context=&specialism=&clinical_phase=&subject_count=&subject_minage=&subject_maxage=&subject_males=1&subject_females_childbearing=&subject_duration=&subject_duration_active=&subject_duration_controls=&subject_planned_total_duration=&german_project_title=&project_title=&german_summary=&german_preclinical_results=&german_primary_hypothesis=&german_inclusion_exclusion_crit=&german_ethical_info=&german_protected_subjects_info=&german_recruitment_info=&german_consent_info=&german_risks_info=&german_benefits_info=&german_relationship_info=&german_concurrent_study_info=&german_sideeffects_info=&german_statistical_info=&german_dataprotection_info=&german_aftercare_info=&german_payment_info=&german_abort_info=&german_dataaccess_info=&german_financing_info=&german_additional_info=&sponsor_name=&sponsor_address=&sponsor_zip_code=&sponsor_city=&sponsor_contact_gender=&sponsor_contact_title=&sponsor_contact_first_name=&sponsor_contact_last_name=&sponsor_phone=&sponsor_fax=&sponsor_email=&sponsor_uid=&submitter_contact_gender=m&submitter_contact_title=abdo&submitter_contact_first_name=abdo&submitter_contact_last_name=abdallah&submitter_email=abdo%40gmail.com&submitter_organisation=weknworfml&submitter_jobtitle=test&measure-TOTAL_FORMS=0&measure-INITIAL_FORMS=0&measure-MIN_NUM_FORMS=0&measure-MAX_NUM_FORMS=1000&routinemeasure-TOTAL_FORMS=0&routinemeasure-INITIAL_FORMS=0&routinemeasure-MIN_NUM_FORMS=0&routinemeasure-MAX_NUM_FORMS=1000&nontesteduseddrug-TOTAL_FORMS=0&nontesteduseddrug-INITIAL_FORMS=0&nontesteduseddrug-MIN_NUM_FORMS=0&nontesteduseddrug-MAX_NUM_FORMS=1000&additional_therapy_info=&study_plan_blind=&study_plan_misc=&study_plan_number_of_groups=&study_plan_stratification=&study_plan_sample_frequency=&study_plan_primary_objectives=&study_plan_null_hypothesis=&study_plan_alternative_hypothesis=&study_plan_secondary_objectives=&study_plan_alpha=&study_plan_alpha_sided=&study_plan_power=&study_plan_statalgorithm=&study_plan_dropout_ratio=&study_plan_planned_statalgorithm=&study_plan_dataquality_checking=&study_plan_datamanagement=&study_plan_biometric_planning=&study_plan_statistics_implementation=&study_plan_dataprotection_choice=non-personal&study_plan_dataprotection_anonalgoritm=&insurance_name=&insurance_address=&insurance_phone=&insurance_contract_number=&insurance_validity=&investigator-TOTAL_FORMS=1&investigator-INITIAL_FORMS=0&investigator-MIN_NUM_FORMS=0&investigator-MAX_NUM_FORMS=1000&investigatoremployee-TOTAL_FORMS=1&investigatoremployee-INITIAL_FORMS=0&investigatoremployee-MIN_NUM_FORMS=0&investigatoremployee-MAX_NUM_FORMS=1000&investigator-0-organisation=&investigator-0-subject_count=&investigator-0-ethics_commission=&investigator-0-main=on&investigator-0-contact_gender=&investigator-0-contact_title=&investigator-0-contact_first_name=&investigator-0-contact_last_name=&investigator-0-phone=&investigator-0-mobile=&investigator-0-fax=&investigator-0-email=&investigator-0-specialist=&investigatoremployee-0-investigator_index=0&investigatoremployee-0-sex=&investigatoremployee-0-title=&investigatoremployee-0-firstname=&investigatoremployee-0-surname=&investigatoremployee-0-organisation=&participatingcenternonsubject-TOTAL_FORMS=0&participatingcenternonsubject-INITIAL_FORMS=0&participatingcenternonsubject-MIN_NUM_FORMS=0&participatingcenternonsubject-MAX_NUM_FORMS=1000&foreignparticipatingcenter-TOTAL_FORMS=0&foreignparticipatingcenter-INITIAL_FORMS=0&foreignparticipatingcenter-MIN_NUM_FORMS=0&foreignparticipatingcenter-MAX_NUM_FORMS=1000&autosave=autosave\"}", "content_type": null, "object_id": null}}, {"model": "docstash.docstash", "pk": "a412c14f-fed7-4004-b433-f53e6c60add9", "fields": {"group": "core:create_submission_form", "current_version": 1, "owner": 4, "modtime": "2023-12-25T18:28:16.198Z", "name": "", "value": "{\"POST\": \"csrfmiddlewaretoken=bcNzvnc1z6g1XhwksuaU3rflVcMU1wmcWaeLHDXp80ZjmbR12gFwCAlf9yZaIARo&project_type_misc=&project_type_education_context=&specialism=&clinical_phase=&subject_count=&subject_minage=&subject_maxage=&subject_males=1&subject_females_childbearing=&subject_duration=&subject_duration_active=&subject_duration_controls=&subject_planned_total_duration=&german_project_title=&project_title=&german_summary=&german_preclinical_results=&german_primary_hypothesis=&german_inclusion_exclusion_crit=&german_ethical_info=&german_protected_subjects_info=&german_recruitment_info=&german_consent_info=&german_risks_info=&german_benefits_info=&german_relationship_info=&german_concurrent_study_info=&german_sideeffects_info=&german_statistical_info=&german_dataprotection_info=&german_aftercare_info=&german_payment_info=&german_abort_info=&german_dataaccess_info=&german_financing_info=&german_additional_info=&sponsor_name=&sponsor_address=&sponsor_zip_code=&sponsor_city=&sponsor_contact_gender=&sponsor_contact_title=&sponsor_contact_first_name=&sponsor_contact_last_name=&sponsor_phone=&sponsor_fax=&sponsor_email=&sponsor_uid=&submitter_contact_gender=m&submitter_contact_title=&submitter_contact_first_name=ali&submitter_contact_last_name=ahmed&submitter_email=developerabdelrahman5%40gmail.com&submitter_organisation=&submitter_jobtitle=&measure-TOTAL_FORMS=0&measure-INITIAL_FORMS=0&measure-MIN_NUM_FORMS=0&measure-MAX_NUM_FORMS=1000&routinemeasure-TOTAL_FORMS=0&routinemeasure-INITIAL_FORMS=0&routinemeasure-MIN_NUM_FORMS=0&routinemeasure-MAX_NUM_FORMS=1000&nontesteduseddrug-TOTAL_FORMS=0&nontesteduseddrug-INITIAL_FORMS=0&nontesteduseddrug-MIN_NUM_FORMS=0&nontesteduseddrug-MAX_NUM_FORMS=1000&additional_therapy_info=&study_plan_blind=&study_plan_misc=&study_plan_number_of_groups=&study_plan_stratification=&study_plan_sample_frequency=&study_plan_primary_objectives=&study_plan_null_hypothesis=&study_plan_alternative_hypothesis=&study_plan_secondary_objectives=&study_plan_alpha=&study_plan_alpha_sided=&study_plan_power=&study_plan_statalgorithm=&study_plan_dropout_ratio=&study_plan_planned_statalgorithm=&study_plan_dataquality_checking=&study_plan_datamanagement=&study_plan_biometric_planning=&study_plan_statistics_implementation=&study_plan_dataprotection_choice=non-personal&study_plan_dataprotection_anonalgoritm=&insurance_name=&insurance_address=&insurance_phone=&insurance_contract_number=&insurance_validity=&investigator-TOTAL_FORMS=1&investigator-INITIAL_FORMS=0&investigator-MIN_NUM_FORMS=0&investigator-MAX_NUM_FORMS=1000&investigatoremployee-TOTAL_FORMS=1&investigatoremployee-INITIAL_FORMS=0&investigatoremployee-MIN_NUM_FORMS=0&investigatoremployee-MAX_NUM_FORMS=1000&investigator-0-organisation=&investigator-0-subject_count=&investigator-0-ethics_commission=&investigator-0-main=on&investigator-0-contact_gender=&investigator-0-contact_title=&investigator-0-contact_first_name=&investigator-0-contact_last_name=&investigator-0-phone=&investigator-0-mobile=&investigator-0-fax=&investigator-0-email=&investigator-0-specialist=&investigatoremployee-0-investigator_index=0&investigatoremployee-0-sex=&investigatoremployee-0-title=&investigatoremployee-0-firstname=&investigatoremployee-0-surname=&investigatoremployee-0-organisation=&participatingcenternonsubject-TOTAL_FORMS=0&participatingcenternonsubject-INITIAL_FORMS=0&participatingcenternonsubject-MIN_NUM_FORMS=0&participatingcenternonsubject-MAX_NUM_FORMS=1000&foreignparticipatingcenter-TOTAL_FORMS=0&foreignparticipatingcenter-INITIAL_FORMS=0&foreignparticipatingcenter-MIN_NUM_FORMS=0&foreignparticipatingcenter-MAX_NUM_FORMS=1000&autosave=autosave\"}", "content_type": null, "object_id": null}}, {"model": "docstash.docstash", "pk": "ac1fa321-554f-4282-a84c-4eb31242f2af", "fields": {"group": "notifications:create_notification", "current_version": 0, "owner": 1, "modtime": "2023-12-24T17:53:48.375Z", "name": null, "value": "{}", "content_type": null, "object_id": null}}, {"model": "docstash.docstash", "pk": "afa8a87b-c494-4dae-b6d8-ecdfa9086eb8", "fields": {"group": "core:create_submission_form", "current_version": 1, "owner": 1, "modtime": "2023-12-24T17:51:15.691Z", "name": "", "value": "{\"POST\": \"csrfmiddlewaretoken=3gFhQl4marbJLHxAnOK03wSxvUZIwFcZxM4lQ7b9bTtm4IUCzjM9KxAhBbaWQlT7&project_type_misc=&project_type_education_context=&specialism=&clinical_phase=&subject_count=&subject_minage=&subject_maxage=&subject_males=1&subject_females_childbearing=&subject_duration=&subject_duration_active=&subject_duration_controls=&subject_planned_total_duration=&german_project_title=&project_title=&german_summary=&german_preclinical_results=&german_primary_hypothesis=&german_inclusion_exclusion_crit=&german_ethical_info=&german_protected_subjects_info=&german_recruitment_info=&german_consent_info=&german_risks_info=&german_benefits_info=&german_relationship_info=&german_concurrent_study_info=&german_sideeffects_info=&german_statistical_info=&german_dataprotection_info=&german_aftercare_info=&german_payment_info=&german_abort_info=&german_dataaccess_info=&german_financing_info=&german_additional_info=&sponsor_name=&sponsor_address=&sponsor_zip_code=&sponsor_city=&sponsor_contact_gender=&sponsor_contact_title=&sponsor_contact_first_name=&sponsor_contact_last_name=&sponsor_phone=&sponsor_fax=&sponsor_email=&sponsor_uid=&submitter_contact_gender=m&submitter_contact_title=abdo&submitter_contact_first_name=abdo&submitter_contact_last_name=abdallah&submitter_email=abdo%40gmail.com&submitter_organisation=weknworfml&submitter_jobtitle=test&measure-TOTAL_FORMS=0&measure-INITIAL_FORMS=0&measure-MIN_NUM_FORMS=0&measure-MAX_NUM_FORMS=1000&routinemeasure-TOTAL_FORMS=0&routinemeasure-INITIAL_FORMS=0&routinemeasure-MIN_NUM_FORMS=0&routinemeasure-MAX_NUM_FORMS=1000&nontesteduseddrug-TOTAL_FORMS=0&nontesteduseddrug-INITIAL_FORMS=0&nontesteduseddrug-MIN_NUM_FORMS=0&nontesteduseddrug-MAX_NUM_FORMS=1000&additional_therapy_info=&study_plan_blind=&study_plan_misc=&study_plan_number_of_groups=&study_plan_stratification=&study_plan_sample_frequency=&study_plan_primary_objectives=&study_plan_null_hypothesis=&study_plan_alternative_hypothesis=&study_plan_secondary_objectives=&study_plan_alpha=&study_plan_alpha_sided=&study_plan_power=&study_plan_statalgorithm=&study_plan_dropout_ratio=&study_plan_planned_statalgorithm=&study_plan_dataquality_checking=&study_plan_datamanagement=&study_plan_biometric_planning=&study_plan_statistics_implementation=&study_plan_dataprotection_choice=non-personal&study_plan_dataprotection_anonalgoritm=&insurance_name=&insurance_address=&insurance_phone=&insurance_contract_number=&insurance_validity=&investigator-TOTAL_FORMS=1&investigator-INITIAL_FORMS=0&investigator-MIN_NUM_FORMS=0&investigator-MAX_NUM_FORMS=1000&investigatoremployee-TOTAL_FORMS=1&investigatoremployee-INITIAL_FORMS=0&investigatoremployee-MIN_NUM_FORMS=0&investigatoremployee-MAX_NUM_FORMS=1000&investigator-0-organisation=&investigator-0-subject_count=&investigator-0-ethics_commission=&investigator-0-main=on&investigator-0-contact_gender=&investigator-0-contact_title=&investigator-0-contact_first_name=&investigator-0-contact_last_name=&investigator-0-phone=&investigator-0-mobile=&investigator-0-fax=&investigator-0-email=&investigator-0-specialist=&investigatoremployee-0-investigator_index=0&investigatoremployee-0-sex=&investigatoremployee-0-title=&investigatoremployee-0-firstname=&investigatoremployee-0-surname=&investigatoremployee-0-organisation=&participatingcenternonsubject-TOTAL_FORMS=0&participatingcenternonsubject-INITIAL_FORMS=0&participatingcenternonsubject-MIN_NUM_FORMS=0&participatingcenternonsubject-MAX_NUM_FORMS=1000&foreignparticipatingcenter-TOTAL_FORMS=0&foreignparticipatingcenter-INITIAL_FORMS=0&foreignparticipatingcenter-MIN_NUM_FORMS=0&foreignparticipatingcenter-MAX_NUM_FORMS=1000&autosave=autosave\"}", "content_type": null, "object_id": null}}, {"model": "docstash.docstash", "pk": "b14d4f6b-28ee-4217-b2c7-d8d50cf1c193", "fields": {"group": "src.core.views.submissions.create_submission_form", "current_version": 0, "owner": 1, "modtime": "2023-12-16T17:30:57.824Z", "name": null, "value": "{}", "content_type": null, "object_id": null}}, {"model": "docstash.docstash", "pk": "b3ae0338-0efe-46ef-847e-f03d3f1ebb7c", "fields": {"group": "core:create_submission_form", "current_version": 2, "owner": 1, "modtime": "2023-12-21T11:38:30.481Z", "name": "", "value": "{\"POST\": \"csrfmiddlewaretoken=zn3uWjffawWQoOvCCXkjj6nsdRFb6WlO3TsyW5m2bYetHPSEOsms075cj8QpqC2W&project_type_misc=&project_type_education_context=&specialism=&clinical_phase=&subject_count=&subject_minage=&subject_maxage=&subject_males=1&subject_females_childbearing=&subject_duration=&subject_duration_active=&subject_duration_controls=&subject_planned_total_duration=&german_project_title=&project_title=&german_summary=&german_preclinical_results=&german_primary_hypothesis=&german_inclusion_exclusion_crit=&german_ethical_info=&german_protected_subjects_info=&german_recruitment_info=&german_consent_info=&german_risks_info=&german_benefits_info=&german_relationship_info=&german_concurrent_study_info=&german_sideeffects_info=&german_statistical_info=&german_dataprotection_info=&german_aftercare_info=&german_payment_info=&german_abort_info=&german_dataaccess_info=&german_financing_info=&german_additional_info=&sponsor_name=&sponsor_address=&sponsor_zip_code=&sponsor_city=&sponsor_contact_gender=&sponsor_contact_title=&sponsor_contact_first_name=&sponsor_contact_last_name=&sponsor_phone=&sponsor_fax=&sponsor_email=&sponsor_uid=&submitter_contact_gender=m&submitter_contact_title=abdo&submitter_contact_first_name=abdo&submitter_contact_last_name=abdallah&submitter_email=abdo%40gmail.com&submitter_organisation=weknworfml&submitter_jobtitle=test&measure-TOTAL_FORMS=0&measure-INITIAL_FORMS=0&measure-MIN_NUM_FORMS=0&measure-MAX_NUM_FORMS=1000&routinemeasure-TOTAL_FORMS=0&routinemeasure-INITIAL_FORMS=0&routinemeasure-MIN_NUM_FORMS=0&routinemeasure-MAX_NUM_FORMS=1000&nontesteduseddrug-TOTAL_FORMS=0&nontesteduseddrug-INITIAL_FORMS=0&nontesteduseddrug-MIN_NUM_FORMS=0&nontesteduseddrug-MAX_NUM_FORMS=1000&additional_therapy_info=&study_plan_blind=&study_plan_misc=&study_plan_number_of_groups=&study_plan_stratification=&study_plan_sample_frequency=&study_plan_primary_objectives=&study_plan_null_hypothesis=&study_plan_alternative_hypothesis=&study_plan_secondary_objectives=&study_plan_alpha=&study_plan_alpha_sided=&study_plan_power=&study_plan_statalgorithm=&study_plan_dropout_ratio=&study_plan_planned_statalgorithm=&study_plan_dataquality_checking=&study_plan_datamanagement=&study_plan_biometric_planning=&study_plan_statistics_implementation=&study_plan_dataprotection_choice=non-personal&study_plan_dataprotection_anonalgoritm=&insurance_name=&insurance_address=&insurance_phone=&insurance_contract_number=&insurance_validity=&investigator-TOTAL_FORMS=1&investigator-INITIAL_FORMS=0&investigator-MIN_NUM_FORMS=0&investigator-MAX_NUM_FORMS=1000&investigatoremployee-TOTAL_FORMS=1&investigatoremployee-INITIAL_FORMS=0&investigatoremployee-MIN_NUM_FORMS=0&investigatoremployee-MAX_NUM_FORMS=1000&investigator-0-organisation=&investigator-0-subject_count=&investigator-0-ethics_commission=&investigator-0-main=on&investigator-0-contact_gender=&investigator-0-contact_title=&investigator-0-contact_first_name=&investigator-0-contact_last_name=&investigator-0-phone=&investigator-0-mobile=&investigator-0-fax=&investigator-0-email=&investigator-0-specialist=&investigatoremployee-0-investigator_index=0&investigatoremployee-0-sex=&investigatoremployee-0-title=&investigatoremployee-0-firstname=&investigatoremployee-0-surname=&investigatoremployee-0-organisation=&participatingcenternonsubject-TOTAL_FORMS=1&participatingcenternonsubject-INITIAL_FORMS=0&participatingcenternonsubject-MIN_NUM_FORMS=0&participatingcenternonsubject-MAX_NUM_FORMS=1000&participatingcenternonsubject-0-name=&participatingcenternonsubject-0-ethics_commission=&participatingcenternonsubject-0-investigator_name=&foreignparticipatingcenter-TOTAL_FORMS=0&foreignparticipatingcenter-INITIAL_FORMS=0&foreignparticipatingcenter-MIN_NUM_FORMS=0&foreignparticipatingcenter-MAX_NUM_FORMS=1000&autosave=autosave\"}", "content_type": null, "object_id": null}}, {"model": "docstash.docstash", "pk": "b68a6941-3531-41ff-84c5-a0b21ad6e33b", "fields": {"group": "src.notifications.views.create_notification", "current_version": 0, "owner": 1, "modtime": "2023-12-18T19:20:48.503Z", "name": null, "value": "{}", "content_type": null, "object_id": null}}, {"model": "docstash.docstash", "pk": "bdbf5e8e-3c99-4bff-9fcc-41299397713b", "fields": {"group": "src.notifications.views.create_notification", "current_version": 4, "owner": 1, "modtime": "2023-12-19T19:05:53.916Z", "name": "welcome", "value": "{\"type_id\": \"2\", \"submission_form_ids\": [1], \"POST\": \"csrfmiddlewaretoken=TWid6m2pSh25g52moi4pagzJh84aP4EDnsHh689cTJkIz6poAN6yRhhtnpfo9KlL&submission_forms=1&comments=qqwqweqeqwqqzeqez&validate=validate\"}", "content_type": null, "object_id": null}}, {"model": "docstash.docstash", "pk": "c3e0238f-ba3c-4de4-a9cd-8e02cae3bfbc", "fields": {"group": "notifications:create_notification", "current_version": 0, "owner": 1, "modtime": "2023-12-21T09:50:01.410Z", "name": null, "value": "{}", "content_type": null, "object_id": null}}, {"model": "docstash.docstash", "pk": "d43fb8b3-e707-419b-866f-d9180dc2bdb3", "fields": {"group": "notifications:create_notification", "current_version": 0, "owner": 1, "modtime": "2023-12-26T20:04:52.748Z", "name": null, "value": "{}", "content_type": null, "object_id": null}}, {"model": "docstash.docstash", "pk": "d4da45d9-b55e-440b-a8a4-f35bc1860738", "fields": {"group": "src.core.views.submissions.create_submission_form", "current_version": 3, "owner": 1, "modtime": "2023-12-16T19:33:15.860Z", "name": "", "value": "{\"POST\": \"csrfmiddlewaretoken=JIMs4ahqvYGgbN8cFn74Uu3UjvVIWrMcdebw4WodwqYTuOveRS9dBvLEpM6Wg7tk&project_type_misc=&project_type_education_context=&specialism=&clinical_phase=&subject_count=&subject_minage=&subject_maxage=&subject_males=1&subject_females_childbearing=&subject_duration=&subject_duration_active=&subject_duration_controls=&subject_planned_total_duration=&german_project_title=&project_title=&german_summary=&german_preclinical_results=&german_primary_hypothesis=&german_inclusion_exclusion_crit=&german_ethical_info=&german_protected_subjects_info=&german_recruitment_info=&german_consent_info=&german_risks_info=&german_benefits_info=&german_relationship_info=&german_concurrent_study_info=&german_sideeffects_info=&german_statistical_info=&german_dataprotection_info=&german_aftercare_info=&german_payment_info=&german_abort_info=&german_dataaccess_info=&german_financing_info=&german_additional_info=&sponsor_name=&sponsor_address=&sponsor_zip_code=&sponsor_city=&sponsor_contact_gender=&sponsor_contact_title=&sponsor_contact_first_name=&sponsor_contact_last_name=&sponsor_phone=&sponsor_fax=&sponsor_email=&sponsor_uid=&invoice_name=&invoice_address=&invoice_zip_code=&invoice_city=&invoice_contact_gender=&invoice_contact_title=&invoice_contact_first_name=&invoice_contact_last_name=&invoice_phone=&invoice_fax=&invoice_email=&invoice_uid=&submitter_contact_gender=m&submitter_contact_title=abdo&submitter_contact_first_name=abdo&submitter_contact_last_name=abdallah&submitter_email=abdo%40gmail.com&submitter_organisation=weknworfml&submitter_jobtitle=test&eudract_number=&pharma_checked_substance=&pharma_reference_substance=&submission_type=1&substance_preexisting_clinical_tries=1&substance_p_c_t_phase=&substance_p_c_t_period=&substance_p_c_t_application_type=&substance_p_c_t_gcp_rules=1&substance_p_c_t_final_report=1&medtech_checked_product=&medtech_reference_substance=&medtech_product_name=&medtech_manufacturer=&medtech_certified_for_exact_indications=1&medtech_certified_for_other_indications=1&medtech_ce_symbol=1&medtech_manual_included=1&medtech_technical_safety_regulations=&medtech_departure_from_regulations=&measure-TOTAL_FORMS=0&measure-INITIAL_FORMS=0&measure-MIN_NUM_FORMS=0&measure-MAX_NUM_FORMS=1000&measure-__prefix__-category=6.1&measure-__prefix__-type=&measure-__prefix__-count=&measure-__prefix__-period=&measure-__prefix__-total=&routinemeasure-TOTAL_FORMS=0&routinemeasure-INITIAL_FORMS=0&routinemeasure-MIN_NUM_FORMS=0&routinemeasure-MAX_NUM_FORMS=1000&routinemeasure-__prefix__-category=6.2&routinemeasure-__prefix__-type=&routinemeasure-__prefix__-count=&routinemeasure-__prefix__-period=&routinemeasure-__prefix__-total=&nontesteduseddrug-TOTAL_FORMS=0&nontesteduseddrug-INITIAL_FORMS=0&nontesteduseddrug-MIN_NUM_FORMS=0&nontesteduseddrug-MAX_NUM_FORMS=1000&nontesteduseddrug-__prefix__-generic_name=&nontesteduseddrug-__prefix__-preparation_form=&nontesteduseddrug-__prefix__-dosage=&additional_therapy_info=&study_plan_blind=&study_plan_misc=&study_plan_number_of_groups=&study_plan_stratification=&study_plan_sample_frequency=&study_plan_primary_objectives=&study_plan_null_hypothesis=&study_plan_alternative_hypothesis=&study_plan_secondary_objectives=&study_plan_alpha=&study_plan_alpha_sided=&study_plan_power=&study_plan_statalgorithm=&study_plan_multiple_test_correction_algorithm=&study_plan_dropout_ratio=&study_plan_abort_crit=&study_plan_planned_statalgorithm=&study_plan_dataquality_checking=&study_plan_datamanagement=&study_plan_biometric_planning=&study_plan_statistics_implementation=&study_plan_dataprotection_choice=non-personal&study_plan_dataprotection_reason=&study_plan_dataprotection_dvr=&study_plan_dataprotection_anonalgoritm=&insurance_name=&insurance_address=&insurance_phone=&insurance_contract_number=&insurance_validity=&investigator-TOTAL_FORMS=1&investigator-INITIAL_FORMS=0&investigator-MIN_NUM_FORMS=0&investigator-MAX_NUM_FORMS=1000&investigatoremployee-TOTAL_FORMS=1&investigatoremployee-INITIAL_FORMS=0&investigatoremployee-MIN_NUM_FORMS=0&investigatoremployee-MAX_NUM_FORMS=1000&investigator-0-organisation=&investigator-0-subject_count=&investigator-0-ethics_commission=&investigator-0-main=on&investigator-0-contact_gender=&investigator-0-contact_title=&investigator-0-contact_first_name=&investigator-0-contact_last_name=&investigator-0-phone=&investigator-0-mobile=&investigator-0-fax=&investigator-0-email=&investigator-0-specialist=&participatingcenternonsubject-TOTAL_FORMS=0&participatingcenternonsubject-INITIAL_FORMS=0&participatingcenternonsubject-MIN_NUM_FORMS=0&participatingcenternonsubject-MAX_NUM_FORMS=1000&participatingcenternonsubject-__prefix__-name=&participatingcenternonsubject-__prefix__-ethics_commission=&participatingcenternonsubject-__prefix__-investigator_name=&foreignparticipatingcenter-TOTAL_FORMS=0&foreignparticipatingcenter-INITIAL_FORMS=0&foreignparticipatingcenter-MIN_NUM_FORMS=0&foreignparticipatingcenter-MAX_NUM_FORMS=1000&foreignparticipatingcenter-__prefix__-name=&foreignparticipatingcenter-__prefix__-investigator_name=&autosave=autosave\"}", "content_type": null, "object_id": null}}, {"model": "docstash.docstash", "pk": "de013d93-a1de-40ea-9661-06e406abed4b", "fields": {"group": "src.core.views.submissions.create_submission_form", "current_version": 0, "owner": 1, "modtime": "2023-12-16T19:28:05.548Z", "name": null, "value": "{}", "content_type": null, "object_id": null}}, {"model": "docstash.docstash", "pk": "e1c7255c-88b0-4379-9f19-4b450d1ada1f", "fields": {"group": "src.notifications.views.create_notification", "current_version": 0, "owner": 1, "modtime": "2023-12-18T19:16:03.167Z", "name": null, "value": "{}", "content_type": null, "object_id": null}}, {"model": "docstash.docstash", "pk": "e37f4c00-a9e5-4a67-a822-03c3882772ac", "fields": {"group": "notifications:create_notification", "current_version": 0, "owner": 1, "modtime": "2023-12-22T08:27:26.658Z", "name": null, "value": "{}", "content_type": null, "object_id": null}}, {"model": "docstash.docstash", "pk": "ecaf1271-1e34-4f78-bb89-5fe97da02bc5", "fields": {"group": "notifications:create_notification", "current_version": 0, "owner": 1, "modtime": "2023-12-19T19:36:38.288Z", "name": null, "value": "{}", "content_type": null, "object_id": null}}, {"model": "docstash.docstash", "pk": "f65e5e92-da50-4673-a642-fc214934bf84", "fields": {"group": "src.notifications.views.create_notification", "current_version": 0, "owner": 1, "modtime": "2023-12-19T19:12:13.450Z", "name": null, "value": "{}", "content_type": null, "object_id": null}}, {"model": "pki.certificate", "pk": 1, "fields": {"user": 1, "cn": "helloo", "subject": "greegrer", "serial": 1, "created_at": "2023-12-07T20:05:42.169Z", "expires_at": "2023-12-29T20:05:39Z", "revoked_at": "2023-12-07T20:05:41Z"}}, {"model": "pki.certificateauthority", "pk": 1, "fields": {"key": "fdgdfdgfd", "cert": "fdgfdgfdg"}}, {"model": "notifications.notificationtype", "pk": 1, "fields": {"name": "hello_test", "form": "src.notifications.forms.NotificationForm", "default_response": "tyhtyh", "position": 1, "includes_diff": true, "grants_vote_extension": true, "finishes_study": true, "is_rejectable": false}}, {"model": "notifications.notificationtype", "pk": 2, "fields": {"name": "welcome", "form": "src.notifications.forms.NotificationForm", "default_response": "rdedwewewes", "position": 0, "includes_diff": false, "grants_vote_extension": true, "finishes_study": true, "is_rejectable": true}}, {"model": "notifications.notification", "pk": 4, "fields": {"type": 1, "pdf_document": 1, "comments": "referferf", "timestamp": "2023-12-10T18:58:40.950Z", "user": 1, "submission_forms": [1], "documents": [1]}}, {"model": "notifications.notification", "pk": 5, "fields": {"type": 1, "pdf_document": 2, "comments": "dswqsqws", "timestamp": "2023-12-16T13:24:46.605Z", "user": 1, "submission_forms": [1], "documents": [1, 2, 3]}}, {"model": "notifications.notification", "pk": 6, "fields": {"type": 1, "pdf_document": 3, "comments": "trhtygytygtyg", "timestamp": "2023-12-17T21:15:17.118Z", "user": 1, "submission_forms": [1], "documents": [3]}}, {"model": "notifications.notification", "pk": 7, "fields": {"type": 2, "pdf_document": null, "comments": "qqwqweqeqwqqzeqez", "timestamp": "2023-12-19T19:00:21.940Z", "user": 1, "submission_forms": [1], "documents": []}}, {"model": "notifications.notification", "pk": 8, "fields": {"type": 2, "pdf_document": null, "comments": "qqwqweqeqwqqzeqez", "timestamp": "2023-12-19T19:00:51.241Z", "user": 1, "submission_forms": [1], "documents": []}}, {"model": "notifications.notification", "pk": 9, "fields": {"type": 2, "pdf_document": null, "comments": "21w21wa1a", "timestamp": "2023-12-21T11:33:28.010Z", "user": 1, "submission_forms": [1], "documents": []}}, {"model": "notifications.notification", "pk": 10, "fields": {"type": 2, "pdf_document": null, "comments": "21w21wa1a", "timestamp": "2023-12-21T11:33:46.723Z", "user": 1, "submission_forms": [1], "documents": []}}, {"model": "notifications.notificationanswer", "pk": 1, "fields": {"notification": 4, "text": "dwenwlekfnrefef", "is_valid": true, "is_final_version": true, "is_rejected": true, "pdf_document": 1, "signed_at": "2023-12-10T18:59:12Z", "published_at": "2023-12-10T18:59:14Z"}}, {"model": "tags.tag", "pk": 2, "fields": {"name": "helooqqq", "color": 10241416, "submissions": []}}, {"model": "billing.price", "pk": 1, "fields": {"category": 1, "price": "0.03"}}, {"model": "scratchpad.scratchpad", "pk": 1, "fields": {"created_at": "2023-12-25T09:43:20.064Z", "modified_at": "2023-12-25T09:59:07.706Z", "text": "wefrgehrgrtgr", "owner": 1, "submission": 2}}, {"model": "scratchpad.scratchpad", "pk": 2, "fields": {"created_at": "2023-12-25T09:58:51.596Z", "modified_at": "2023-12-25T09:58:59.273Z", "text": "", "owner": 1, "submission": null}}]